time,action,path
1783995195.969,NONE,screen_collector/screens/browser/NONE/20260713-221315_000000.png
1783995196.041,NONE,screen_collector/screens/browser/NONE/20260713-221315_000001.png
1783995196.606,NONE,screen_collector/screens/browser/NONE/20260713-221315_000002.png
1783995196.744,NONE,screen_collector/screens/browser/NONE/20260713-221315_000003.png
1783995197.240,NONE,screen_collector/screens/browser/NONE/20260713-221315_000004.png
1783995197.310,NONE,screen_collector/screens/browser/NONE/20260713-221315_000005.png
1783995198.081,NONE,screen_collector/screens/browser/NONE/20260713-221315_000006.png
1783995199.200,NONE,screen_collector/screens/browser/NONE/20260713-221315_000007.png
1783995199.547,NONE,screen_collector/screens/browser/NONE/20260713-221315_000008.png
1783995199.972,NONE,screen_collector/screens/browser/NONE/20260713-221315_000009.png
1783995200.186,NONE,screen_collector/screens/browser/NONE/20260713-221315_000010.png
1783995200.681,NONE,screen_collector/screens/browser/NONE/20260713-221315_000011.png
1783995202.009,NONE,screen_collector/screens/browser/NONE/20260713-221315_000012.png
1783995202.295,NONE,screen_collector/screens/browser/NONE/20260713-221315_000013.png
1783995202.573,NONE,screen_collector/screens/browser/NONE/20260713-221315_000014.png
1783995203.409,NONE,screen_collector/screens/browser/NONE/20260713-221315_000015.png
1783995203.624,NONE,screen_collector/screens/browser/NONE/20260713-221315_000016.png
1783995203.767,NONE,screen_collector/screens/browser/NONE/20260713-221315_000017.png
1783995204.049,NONE,screen_collector/screens/browser/NONE/20260713-221315_000018.png
1783995204.186,NONE,screen_collector/screens/browser/NONE/20260713-221315_000019.png
1783995204.814,NONE,screen_collector/screens/browser/NONE/20260713-221315_000020.png
1783995205.856,NONE,screen_collector/screens/browser/NONE/20260713-221315_000021.png
1783995206.067,NONE,screen_collector/screens/browser/NONE/20260713-221315_000022.png
1783995206.348,NONE,screen_collector/screens/browser/NONE/20260713-221315_000023.png
1783995206.488,NONE,screen_collector/screens/browser/NONE/20260713-221315_000024.png
1783995206.842,NONE,screen_collector/screens/browser/NONE/20260713-221315_000025.png
1783995206.984,NONE,screen_collector/screens/browser/NONE/20260713-221315_000026.png
1783995208.614,NONE,screen_collector/screens/browser/NONE/20260713-221315_000027.png
1783995209.380,NONE,screen_collector/screens/browser/NONE/20260713-221315_000028.png
1783995209.595,NONE,screen_collector/screens/browser/NONE/20260713-221315_000029.png
1783995210.359,NONE,screen_collector/screens/browser/NONE/20260713-221315_000030.png
1783995210.710,NONE,screen_collector/screens/browser/NONE/20260713-221315_000031.png
1783995210.851,NONE,screen_collector/screens/browser/NONE/20260713-221315_000032.png
1783995211.349,NONE,screen_collector/screens/browser/NONE/20260713-221315_000033.png
1783995211.417,NONE,screen_collector/screens/browser/NONE/20260713-221315_000034.png
1783995211.485,NONE,screen_collector/screens/browser/NONE/20260713-221315_000035.png
1783995212.242,NONE,screen_collector/screens/browser/NONE/20260713-221315_000036.png
1783995213.217,NONE,screen_collector/screens/browser/NONE/20260713-221315_000037.png
1783995213.849,NONE,screen_collector/screens/browser/NONE/20260713-221315_000038.png
1783995214.542,NONE,screen_collector/screens/browser/NONE/20260713-221315_000039.png
1783995214.684,NONE,screen_collector/screens/browser/NONE/20260713-221315_000040.png
1783995214.897,NONE,screen_collector/screens/browser/NONE/20260713-221315_000041.png
1783995216.086,NONE,screen_collector/screens/browser/NONE/20260713-221315_000042.png
1783995216.225,NONE,screen_collector/screens/browser/NONE/20260713-221315_000043.png
1783995216.579,NONE,screen_collector/screens/browser/NONE/20260713-221315_000044.png
1783995217.002,NONE,screen_collector/screens/browser/NONE/20260713-221315_000045.png
1783995217.908,NONE,screen_collector/screens/browser/NONE/20260713-221315_000046.png
1783995218.468,NONE,screen_collector/screens/browser/NONE/20260713-221315_000047.png
1783995219.172,NONE,screen_collector/screens/browser/NONE/20260713-221315_000048.png
1783995219.661,NONE,screen_collector/screens/browser/NONE/20260713-221315_000049.png
1783995220.020,NONE,screen_collector/screens/browser/NONE/20260713-221315_000050.png
1783995220.647,NONE,screen_collector/screens/browser/NONE/20260713-221315_000051.png
1783995221.340,NONE,screen_collector/screens/browser/NONE/20260713-221315_000052.png
1783995221.411,NONE,screen_collector/screens/browser/NONE/20260713-221315_000053.png
1783995221.698,NONE,screen_collector/screens/browser/NONE/20260713-221315_000054.png
1783995222.193,NONE,screen_collector/screens/browser/NONE/20260713-221315_000055.png
1783995222.471,NONE,screen_collector/screens/browser/NONE/20260713-221315_000056.png
1783995223.667,NONE,screen_collector/screens/browser/NONE/20260713-221315_000057.png
1783995224.020,NONE,screen_collector/screens/browser/NONE/20260713-221315_000058.png
1783995224.090,NONE,screen_collector/screens/browser/NONE/20260713-221315_000059.png
1783995225.847,NONE,screen_collector/screens/browser/NONE/20260713-221315_000060.png
1783995228.150,NONE,screen_collector/screens/browser/NONE/20260713-221315_000061.png
1783995228.560,NONE,screen_collector/screens/browser/NONE/20260713-221315_000062.png
1783995228.840,NONE,screen_collector/screens/browser/NONE/20260713-221315_000063.png
1783995229.049,NONE,screen_collector/screens/browser/NONE/20260713-221315_000064.png
1783995230.864,NONE,screen_collector/screens/browser/NONE/20260713-221315_000065.png
1783995231.140,NONE,screen_collector/screens/browser/NONE/20260713-221315_000066.png
1783995232.417,NONE,screen_collector/screens/browser/NONE/20260713-221315_000067.png
1783995232.484,NONE,screen_collector/screens/browser/NONE/20260713-221315_000068.png
1783995234.025,NONE,screen_collector/screens/browser/NONE/20260713-221315_000069.png
1783995235.289,NONE,screen_collector/screens/browser/NONE/20260713-221315_000070.png
1783995235.360,NONE,screen_collector/screens/browser/NONE/20260713-221315_000071.png
1783995235.431,NONE,screen_collector/screens/browser/NONE/20260713-221315_000072.png
1783995235.711,NONE,screen_collector/screens/browser/NONE/20260713-221315_000073.png
1783995236.619,NONE,screen_collector/screens/browser/NONE/20260713-221315_000074.png
1783995236.972,NONE,screen_collector/screens/browser/NONE/20260713-221315_000075.png
1783995237.042,NONE,screen_collector/screens/browser/NONE/20260713-221315_000076.png
1783995237.889,NONE,screen_collector/screens/browser/NONE/20260713-221315_000077.png
1783995238.311,NONE,screen_collector/screens/browser/NONE/20260713-221315_000078.png
1783995238.451,NONE,screen_collector/screens/browser/NONE/20260713-221315_000079.png
1783995238.739,NONE,screen_collector/screens/browser/NONE/20260713-221315_000080.png
1783995239.156,NONE,screen_collector/screens/browser/NONE/20260713-221315_000081.png
1783995239.434,NONE,screen_collector/screens/browser/NONE/20260713-221315_000082.png
1783995240.132,NONE,screen_collector/screens/browser/NONE/20260713-221315_000083.png
1783995240.710,NONE,screen_collector/screens/browser/NONE/20260713-221315_000084.png
1783995241.840,NONE,screen_collector/screens/browser/NONE/20260713-221315_000085.png
1783995241.909,NONE,screen_collector/screens/browser/NONE/20260713-221315_000086.png
1783995242.200,NONE,screen_collector/screens/browser/NONE/20260713-221315_000087.png
1783995242.407,NONE,screen_collector/screens/browser/NONE/20260713-221315_000088.png
1783995243.041,NONE,screen_collector/screens/browser/NONE/20260713-221315_000089.png
1783995243.111,NONE,screen_collector/screens/browser/NONE/20260713-221315_000090.png
1783995243.177,NONE,screen_collector/screens/browser/NONE/20260713-221315_000091.png
1783995243.817,NONE,screen_collector/screens/browser/NONE/20260713-221315_000092.png
1783995243.884,NONE,screen_collector/screens/browser/NONE/20260713-221315_000093.png
1783995245.005,NONE,screen_collector/screens/browser/NONE/20260713-221315_000094.png
1783995246.268,NONE,screen_collector/screens/browser/NONE/20260713-221315_000095.png
1783995246.335,NONE,screen_collector/screens/browser/NONE/20260713-221315_000096.png
1783995246.826,NONE,screen_collector/screens/browser/NONE/20260713-221315_000097.png
1783995248.008,NONE,screen_collector/screens/browser/NONE/20260713-221315_000098.png
1783995248.214,NONE,screen_collector/screens/browser/NONE/20260713-221315_000099.png
1783995248.705,NONE,screen_collector/screens/browser/NONE/20260713-221315_000100.png
1783995249.544,NONE,screen_collector/screens/browser/NONE/20260713-221315_000101.png
1783995250.309,NONE,screen_collector/screens/browser/NONE/20260713-221315_000102.png
1783995250.377,NONE,screen_collector/screens/browser/NONE/20260713-221315_000103.png
1783995250.586,NONE,screen_collector/screens/browser/NONE/20260713-221315_000104.png
1783995251.360,NONE,screen_collector/screens/browser/NONE/20260713-221315_000105.png
1783995252.264,NONE,screen_collector/screens/browser/NONE/20260713-221315_000106.png
1783995252.821,NONE,screen_collector/screens/browser/NONE/20260713-221315_000107.png
1783995253.726,NONE,screen_collector/screens/browser/NONE/20260713-221315_000108.png
1783995253.797,NONE,screen_collector/screens/browser/NONE/20260713-221315_000109.png
1783995254.214,NONE,screen_collector/screens/browser/NONE/20260713-221315_000110.png
1783995254.424,NONE,screen_collector/screens/browser/NONE/20260713-221315_000111.png
1783995254.842,LEFT,screen_collector/screens/browser/LEFT/20260713-221315_000112.png
1783995254.913,LEFT,screen_collector/screens/browser/LEFT/20260713-221315_000113.png
1783995254.985,LEFT,screen_collector/screens/browser/LEFT/20260713-221315_000114.png
1783995255.056,LEFT,screen_collector/screens/browser/LEFT/20260713-221315_000115.png
1783995255.125,LEFT,screen_collector/screens/browser/LEFT/20260713-221315_000116.png
1783995255.195,LEFT,screen_collector/screens/browser/LEFT/20260713-221315_000117.png
1783995255.264,LEFT,screen_collector/screens/browser/LEFT/20260713-221315_000118.png
1783995255.336,LEFT,screen_collector/screens/browser/LEFT/20260713-221315_000119.png
1783995255.551,NONE,screen_collector/screens/browser/NONE/20260713-221315_000120.png
1783995255.972,DOWN,screen_collector/screens/browser/DOWN/20260713-221315_000121.png
1783995256.044,DOWN,screen_collector/screens/browser/DOWN/20260713-221315_000122.png
1783995256.112,DOWN,screen_collector/screens/browser/DOWN/20260713-221315_000123.png
1783995256.179,DOWN,screen_collector/screens/browser/DOWN/20260713-221315_000124.png
1783995256.247,DOWN,screen_collector/screens/browser/DOWN/20260713-221315_000125.png
1783995256.318,DOWN,screen_collector/screens/browser/DOWN/20260713-221315_000126.png
1783995256.388,DOWN,screen_collector/screens/browser/DOWN/20260713-221315_000127.png
1783995256.459,DOWN,screen_collector/screens/browser/DOWN/20260713-221315_000128.png
1783995256.531,DOWN,screen_collector/screens/browser/DOWN/20260713-221315_000129.png
1783995256.603,NONE,screen_collector/screens/browser/NONE/20260713-221315_000130.png
1783995256.961,NONE,screen_collector/screens/browser/NONE/20260713-221315_000131.png
1783995257.245,RIGHT,screen_collector/screens/browser/RIGHT/20260713-221315_000132.png
1783995257.316,RIGHT,screen_collector/screens/browser/RIGHT/20260713-221315_000133.png
1783995257.386,RIGHT,screen_collector/screens/browser/RIGHT/20260713-221315_000134.png
1783995257.455,RIGHT,screen_collector/screens/browser/RIGHT/20260713-221315_000135.png
1783995257.523,RIGHT,screen_collector/screens/browser/RIGHT/20260713-221315_000136.png
1783995257.594,RIGHT,screen_collector/screens/browser/RIGHT/20260713-221315_000137.png
1783995257.665,RIGHT,screen_collector/screens/browser/RIGHT/20260713-221315_000138.png
1783995257.737,RIGHT,screen_collector/screens/browser/RIGHT/20260713-221315_000139.png
1783995258.094,UP,screen_collector/screens/browser/UP/20260713-221315_000140.png
1783995258.165,UP,screen_collector/screens/browser/UP/20260713-221315_000141.png
1783995258.237,UP,screen_collector/screens/browser/UP/20260713-221315_000142.png
1783995258.308,UP,screen_collector/screens/browser/UP/20260713-221315_000143.png
1783995258.378,UP,screen_collector/screens/browser/UP/20260713-221315_000144.png
1783995258.446,UP,screen_collector/screens/browser/UP/20260713-221315_000145.png
1783995258.514,UP,screen_collector/screens/browser/UP/20260713-221315_000146.png
1783995258.585,UP,screen_collector/screens/browser/UP/20260713-221315_000147.png
1783995258.655,UP,screen_collector/screens/browser/UP/20260713-221315_000148.png
1783995259.443,NONE,screen_collector/screens/browser/NONE/20260713-221315_000149.png
1783995260.693,NONE,screen_collector/screens/browser/NONE/20260713-221315_000150.png
1783995262.644,NONE,screen_collector/screens/browser/NONE/20260713-221315_000151.png
1783995262.787,NONE,screen_collector/screens/browser/NONE/20260713-221315_000152.png
1783995262.996,NONE,screen_collector/screens/browser/NONE/20260713-221315_000153.png
1783995263.769,NONE,screen_collector/screens/browser/NONE/20260713-221315_000154.png
1783995264.265,NONE,screen_collector/screens/browser/NONE/20260713-221315_000155.png
1783995264.335,NONE,screen_collector/screens/browser/NONE/20260713-221315_000156.png
1783995264.754,NONE,screen_collector/screens/browser/NONE/20260713-221315_000157.png
1783995264.894,RIGHT,screen_collector/screens/browser/RIGHT/20260713-221315_000158.png
1783995264.966,RIGHT,screen_collector/screens/browser/RIGHT/20260713-221315_000159.png
1783995265.036,RIGHT,screen_collector/screens/browser/RIGHT/20260713-221315_000160.png
1783995265.105,RIGHT,screen_collector/screens/browser/RIGHT/20260713-221315_000161.png
1783995265.175,RIGHT,screen_collector/screens/browser/RIGHT/20260713-221315_000162.png
1783995265.247,RIGHT,screen_collector/screens/browser/RIGHT/20260713-221315_000163.png
1783995265.317,RIGHT,screen_collector/screens/browser/RIGHT/20260713-221315_000164.png
1783995265.389,RIGHT,screen_collector/screens/browser/RIGHT/20260713-221315_000165.png
1783995265.460,RIGHT,screen_collector/screens/browser/RIGHT/20260713-221315_000166.png
1783995265.532,NONE,screen_collector/screens/browser/NONE/20260713-221315_000167.png
1783995265.962,NONE,screen_collector/screens/browser/NONE/20260713-221315_000168.png
1783995266.455,NONE,screen_collector/screens/browser/NONE/20260713-221315_000169.png
1783995267.778,NONE,screen_collector/screens/browser/NONE/20260713-221315_000170.png
1783995268.061,NONE,screen_collector/screens/browser/NONE/20260713-221315_000171.png
1783995268.482,NONE,screen_collector/screens/browser/NONE/20260713-221315_000172.png
1783995268.694,NONE,screen_collector/screens/browser/NONE/20260713-221315_000173.png
1783995268.974,NONE,screen_collector/screens/browser/NONE/20260713-221315_000174.png
1783995269.540,LEFT,screen_collector/screens/browser/LEFT/20260713-221315_000175.png
1783995269.611,LEFT,screen_collector/screens/browser/LEFT/20260713-221315_000176.png
1783995269.680,LEFT,screen_collector/screens/browser/LEFT/20260713-221315_000177.png
1783995269.749,LEFT,screen_collector/screens/browser/LEFT/20260713-221315_000178.png
1783995269.819,LEFT,screen_collector/screens/browser/LEFT/20260713-221315_000179.png
1783995269.890,LEFT,screen_collector/screens/browser/LEFT/20260713-221315_000180.png
1783995269.960,LEFT,screen_collector/screens/browser/LEFT/20260713-221315_000181.png
1783995270.032,LEFT,screen_collector/screens/browser/LEFT/20260713-221315_000182.png
1783995270.104,LEFT,screen_collector/screens/browser/LEFT/20260713-221315_000183.png
1783995270.175,NONE,screen_collector/screens/browser/NONE/20260713-221315_000184.png
1783995270.319,NONE,screen_collector/screens/browser/NONE/20260713-221315_000185.png
1783995270.390,NONE,screen_collector/screens/browser/NONE/20260713-221315_000186.png
1783995270.605,NONE,screen_collector/screens/browser/NONE/20260713-221315_000187.png
1783995270.749,NONE,screen_collector/screens/browser/NONE/20260713-221315_000188.png
1783995270.820,NONE,screen_collector/screens/browser/NONE/20260713-221315_000189.png
1783995271.173,NONE,screen_collector/screens/browser/NONE/20260713-221315_000190.png
1783995271.460,NONE,screen_collector/screens/browser/NONE/20260713-221315_000191.png
1783995271.531,NONE,screen_collector/screens/browser/NONE/20260713-221315_000192.png
1783995271.599,UP,screen_collector/screens/browser/UP/20260713-221315_000193.png
1783995271.666,UP,screen_collector/screens/browser/UP/20260713-221315_000194.png
1783995271.738,UP,screen_collector/screens/browser/UP/20260713-221315_000195.png
1783995271.810,UP,screen_collector/screens/browser/UP/20260713-221315_000196.png
1783995271.879,UP,screen_collector/screens/browser/UP/20260713-221315_000197.png
1783995271.951,UP,screen_collector/screens/browser/UP/20260713-221315_000198.png
1783995272.020,UP,screen_collector/screens/browser/UP/20260713-221315_000199.png
1783995272.092,UP,screen_collector/screens/browser/UP/20260713-221315_000200.png
1783995273.012,NONE,screen_collector/screens/browser/NONE/20260713-221315_000201.png
1783995273.152,NONE,screen_collector/screens/browser/NONE/20260713-221315_000202.png
1783995273.294,RIGHT,screen_collector/screens/browser/RIGHT/20260713-221315_000203.png
1783995273.366,RIGHT,screen_collector/screens/browser/RIGHT/20260713-221315_000204.png
1783995273.434,RIGHT,screen_collector/screens/browser/RIGHT/20260713-221315_000205.png
1783995273.506,RIGHT,screen_collector/screens/browser/RIGHT/20260713-221315_000206.png
1783995273.576,RIGHT,screen_collector/screens/browser/RIGHT/20260713-221315_000207.png
1783995273.648,RIGHT,screen_collector/screens/browser/RIGHT/20260713-221315_000208.png
1783995273.718,RIGHT,screen_collector/screens/browser/RIGHT/20260713-221315_000209.png
1783995273.790,RIGHT,screen_collector/screens/browser/RIGHT/20260713-221315_000210.png
1783995273.861,RIGHT,screen_collector/screens/browser/RIGHT/20260713-221315_000211.png
1783995274.220,NONE,screen_collector/screens/browser/NONE/20260713-221315_000212.png
1783995274.785,DOWN,screen_collector/screens/browser/DOWN/20260713-221315_000213.png
1783995274.856,DOWN,screen_collector/screens/browser/DOWN/20260713-221315_000214.png
1783995274.928,DOWN,screen_collector/screens/browser/DOWN/20260713-221315_000215.png
1783995274.996,DOWN,screen_collector/screens/browser/DOWN/20260713-221315_000216.png
1783995275.064,DOWN,screen_collector/screens/browser/DOWN/20260713-221315_000217.png
1783995275.131,DOWN,screen_collector/screens/browser/DOWN/20260713-221315_000218.png
1783995275.199,DOWN,screen_collector/screens/browser/DOWN/20260713-221315_000219.png
1783995275.271,DOWN,screen_collector/screens/browser/DOWN/20260713-221315_000220.png
1783995275.486,NONE,screen_collector/screens/browser/NONE/20260713-221315_000221.png
1783995275.557,LEFT,screen_collector/screens/browser/LEFT/20260713-221315_000222.png
1783995275.629,LEFT,screen_collector/screens/browser/LEFT/20260713-221315_000223.png
1783995275.701,LEFT,screen_collector/screens/browser/LEFT/20260713-221315_000224.png
1783995275.772,LEFT,screen_collector/screens/browser/LEFT/20260713-221315_000225.png
1783995275.844,LEFT,screen_collector/screens/browser/LEFT/20260713-221315_000226.png
1783995275.913,LEFT,screen_collector/screens/browser/LEFT/20260713-221315_000227.png
1783995275.985,LEFT,screen_collector/screens/browser/LEFT/20260713-221315_000228.png
1783995276.057,LEFT,screen_collector/screens/browser/LEFT/20260713-221315_000229.png
1783995276.128,LEFT,screen_collector/screens/browser/LEFT/20260713-221315_000230.png
1783995276.272,NONE,screen_collector/screens/browser/NONE/20260713-221315_000231.png
1783995276.983,NONE,screen_collector/screens/browser/NONE/20260713-221315_000232.png
1783995277.197,NONE,screen_collector/screens/browser/NONE/20260713-221315_000233.png
1783995277.763,NONE,screen_collector/screens/browser/NONE/20260713-221315_000234.png
1783995278.677,NONE,screen_collector/screens/browser/NONE/20260713-221315_000235.png
1783995278.747,NONE,screen_collector/screens/browser/NONE/20260713-221315_000236.png
1783995279.094,NONE,screen_collector/screens/browser/NONE/20260713-221315_000237.png
1783995279.165,RIGHT,screen_collector/screens/browser/RIGHT/20260713-221315_000238.png
1783995279.237,RIGHT,screen_collector/screens/browser/RIGHT/20260713-221315_000239.png
1783995279.305,RIGHT,screen_collector/screens/browser/RIGHT/20260713-221315_000240.png
1783995279.373,RIGHT,screen_collector/screens/browser/RIGHT/20260713-221315_000241.png
1783995279.446,RIGHT,screen_collector/screens/browser/RIGHT/20260713-221315_000242.png
1783995279.516,RIGHT,screen_collector/screens/browser/RIGHT/20260713-221315_000243.png
1783995279.588,RIGHT,screen_collector/screens/browser/RIGHT/20260713-221315_000244.png
1783995279.659,RIGHT,screen_collector/screens/browser/RIGHT/20260713-221315_000245.png
1783995279.731,RIGHT,screen_collector/screens/browser/RIGHT/20260713-221315_000246.png
1783995279.874,NONE,screen_collector/screens/browser/NONE/20260713-221315_000247.png
1783995279.946,NONE,screen_collector/screens/browser/NONE/20260713-221315_000248.png
1783995280.161,NONE,screen_collector/screens/browser/NONE/20260713-221315_000249.png
1783995280.304,NONE,screen_collector/screens/browser/NONE/20260713-221315_000250.png
1783995280.376,NONE,screen_collector/screens/browser/NONE/20260713-221315_000251.png
1783995280.824,NONE,screen_collector/screens/browser/NONE/20260713-221315_000252.png
1783995281.110,LEFT,screen_collector/screens/browser/LEFT/20260713-221315_000253.png
1783995281.180,LEFT,screen_collector/screens/browser/LEFT/20260713-221315_000254.png
1783995281.249,LEFT,screen_collector/screens/browser/LEFT/20260713-221315_000255.png
1783995281.321,LEFT,screen_collector/screens/browser/LEFT/20260713-221315_000256.png
1783995281.393,LEFT,screen_collector/screens/browser/LEFT/20260713-221315_000257.png
1783995281.465,LEFT,screen_collector/screens/browser/LEFT/20260713-221315_000258.png
1783995281.534,LEFT,screen_collector/screens/browser/LEFT/20260713-221315_000259.png
1783995281.606,LEFT,screen_collector/screens/browser/LEFT/20260713-221315_000260.png
1783995282.315,NONE,screen_collector/screens/browser/NONE/20260713-221315_000261.png
1783995282.806,NONE,screen_collector/screens/browser/NONE/20260713-221315_000262.png
1783995282.944,NONE,screen_collector/screens/browser/NONE/20260713-221315_000263.png
1783995283.155,NONE,screen_collector/screens/browser/NONE/20260713-221315_000264.png
1783995283.224,NONE,screen_collector/screens/browser/NONE/20260713-221315_000265.png
1783995283.720,NONE,screen_collector/screens/browser/NONE/20260713-221315_000266.png
1783995283.926,NONE,screen_collector/screens/browser/NONE/20260713-221315_000267.png
1783995284.207,NONE,screen_collector/screens/browser/NONE/20260713-221315_000268.png
1783995284.485,UP,screen_collector/screens/browser/UP/20260713-221315_000269.png
1783995284.556,UP,screen_collector/screens/browser/UP/20260713-221315_000270.png
1783995284.626,UP,screen_collector/screens/browser/UP/20260713-221315_000271.png
1783995284.698,UP,screen_collector/screens/browser/UP/20260713-221315_000272.png
1783995284.769,UP,screen_collector/screens/browser/UP/20260713-221315_000273.png
1783995284.838,UP,screen_collector/screens/browser/UP/20260713-221315_000274.png
1783995284.905,UP,screen_collector/screens/browser/UP/20260713-221315_000275.png
1783995284.977,UP,screen_collector/screens/browser/UP/20260713-221315_000276.png
1783995285.049,NONE,screen_collector/screens/browser/NONE/20260713-221315_000277.png
1783995285.335,LEFT,screen_collector/screens/browser/LEFT/20260713-221315_000278.png
1783995285.407,LEFT,screen_collector/screens/browser/LEFT/20260713-221315_000279.png
1783995285.479,LEFT,screen_collector/screens/browser/LEFT/20260713-221315_000280.png
1783995285.550,LEFT,screen_collector/screens/browser/LEFT/20260713-221315_000281.png
1783995285.622,LEFT,screen_collector/screens/browser/LEFT/20260713-221315_000282.png
1783995285.691,LEFT,screen_collector/screens/browser/LEFT/20260713-221315_000283.png
1783995285.762,LEFT,screen_collector/screens/browser/LEFT/20260713-221315_000284.png
1783995285.833,LEFT,screen_collector/screens/browser/LEFT/20260713-221315_000285.png
1783995285.905,LEFT,screen_collector/screens/browser/LEFT/20260713-221315_000286.png
1783995286.191,UP,screen_collector/screens/browser/UP/20260713-221315_000287.png
1783995286.263,UP,screen_collector/screens/browser/UP/20260713-221315_000288.png
1783995286.335,UP,screen_collector/screens/browser/UP/20260713-221315_000289.png
1783995286.406,UP,screen_collector/screens/browser/UP/20260713-221315_000290.png
1783995286.478,UP,screen_collector/screens/browser/UP/20260713-221315_000291.png
1783995286.550,UP,screen_collector/screens/browser/UP/20260713-221315_000292.png
1783995286.620,UP,screen_collector/screens/browser/UP/20260713-221315_000293.png
1783995286.692,UP,screen_collector/screens/browser/UP/20260713-221315_000294.png
1783995286.763,UP,screen_collector/screens/browser/UP/20260713-221315_000295.png
1783995287.545,RIGHT,screen_collector/screens/browser/RIGHT/20260713-221315_000296.png
1783995287.614,RIGHT,screen_collector/screens/browser/RIGHT/20260713-221315_000297.png
1783995287.686,RIGHT,screen_collector/screens/browser/RIGHT/20260713-221315_000298.png
1783995287.755,RIGHT,screen_collector/screens/browser/RIGHT/20260713-221315_000299.png
1783995287.827,RIGHT,screen_collector/screens/browser/RIGHT/20260713-221315_000300.png
1783995287.897,RIGHT,screen_collector/screens/browser/RIGHT/20260713-221315_000301.png
1783995287.966,RIGHT,screen_collector/screens/browser/RIGHT/20260713-221315_000302.png
1783995288.037,RIGHT,screen_collector/screens/browser/RIGHT/20260713-221315_000303.png
1783995288.467,NONE,screen_collector/screens/browser/NONE/20260713-221315_000304.png
1783995288.750,NONE,screen_collector/screens/browser/NONE/20260713-221315_000305.png
1783995288.817,RIGHT,screen_collector/screens/browser/RIGHT/20260713-221315_000306.png
1783995288.886,RIGHT,screen_collector/screens/browser/RIGHT/20260713-221315_000307.png
1783995288.958,RIGHT,screen_collector/screens/browser/RIGHT/20260713-221315_000308.png
1783995289.029,RIGHT,screen_collector/screens/browser/RIGHT/20260713-221315_000309.png
1783995289.101,RIGHT,screen_collector/screens/browser/RIGHT/20260713-221315_000310.png
1783995289.170,RIGHT,screen_collector/screens/browser/RIGHT/20260713-221315_000311.png
1783995289.242,RIGHT,screen_collector/screens/browser/RIGHT/20260713-221315_000312.png
1783995289.314,RIGHT,screen_collector/screens/browser/RIGHT/20260713-221315_000313.png
1783995289.672,NONE,screen_collector/screens/browser/NONE/20260713-221315_000314.png
1783995290.308,NONE,screen_collector/screens/browser/NONE/20260713-221315_000315.png
1783995290.938,NONE,screen_collector/screens/browser/NONE/20260713-221315_000316.png
1783995291.008,LEFT,screen_collector/screens/browser/LEFT/20260713-221315_000317.png
1783995291.076,LEFT,screen_collector/screens/browser/LEFT/20260713-221315_000318.png
1783995291.148,LEFT,screen_collector/screens/browser/LEFT/20260713-221315_000319.png
1783995291.218,LEFT,screen_collector/screens/browser/LEFT/20260713-221315_000320.png
1783995291.290,LEFT,screen_collector/screens/browser/LEFT/20260713-221315_000321.png
1783995291.360,LEFT,screen_collector/screens/browser/LEFT/20260713-221315_000322.png
1783995291.432,LEFT,screen_collector/screens/browser/LEFT/20260713-221315_000323.png
1783995291.503,LEFT,screen_collector/screens/browser/LEFT/20260713-221315_000324.png
1783995291.790,UP,screen_collector/screens/browser/UP/20260713-221315_000325.png
1783995291.862,UP,screen_collector/screens/browser/UP/20260713-221315_000326.png
1783995291.933,UP,screen_collector/screens/browser/UP/20260713-221315_000327.png
1783995292.005,UP,screen_collector/screens/browser/UP/20260713-221315_000328.png
1783995292.077,UP,screen_collector/screens/browser/UP/20260713-221315_000329.png
1783995292.147,UP,screen_collector/screens/browser/UP/20260713-221315_000330.png
1783995292.217,UP,screen_collector/screens/browser/UP/20260713-221315_000331.png
1783995292.288,UP,screen_collector/screens/browser/UP/20260713-221315_000332.png
1783995292.503,NONE,screen_collector/screens/browser/NONE/20260713-221315_000333.png
1783995292.647,LEFT,screen_collector/screens/browser/LEFT/20260713-221315_000334.png
1783995292.719,LEFT,screen_collector/screens/browser/LEFT/20260713-221315_000335.png
1783995292.790,LEFT,screen_collector/screens/browser/LEFT/20260713-221315_000336.png
1783995292.857,LEFT,screen_collector/screens/browser/LEFT/20260713-221315_000337.png
1783995292.926,LEFT,screen_collector/screens/browser/LEFT/20260713-221315_000338.png
1783995292.998,LEFT,screen_collector/screens/browser/LEFT/20260713-221315_000339.png
1783995293.067,LEFT,screen_collector/screens/browser/LEFT/20260713-221315_000340.png
1783995293.138,LEFT,screen_collector/screens/browser/LEFT/20260713-221315_000341.png
1783995293.497,NONE,screen_collector/screens/browser/NONE/20260713-221315_000342.png
1783995293.569,UP,screen_collector/screens/browser/UP/20260713-221315_000343.png
1783995293.640,UP,screen_collector/screens/browser/UP/20260713-221315_000344.png
1783995293.709,UP,screen_collector/screens/browser/UP/20260713-221315_000345.png
1783995293.780,UP,screen_collector/screens/browser/UP/20260713-221315_000346.png
1783995293.851,UP,screen_collector/screens/browser/UP/20260713-221315_000347.png
1783995293.921,UP,screen_collector/screens/browser/UP/20260713-221315_000348.png
1783995293.993,UP,screen_collector/screens/browser/UP/20260713-221315_000349.png
1783995294.065,UP,screen_collector/screens/browser/UP/20260713-221315_000350.png
1783995294.136,UP,screen_collector/screens/browser/UP/20260713-221315_000351.png
1783995294.565,RIGHT,screen_collector/screens/browser/RIGHT/20260713-221315_000352.png
1783995294.637,RIGHT,screen_collector/screens/browser/RIGHT/20260713-221315_000353.png
1783995294.708,RIGHT,screen_collector/screens/browser/RIGHT/20260713-221315_000354.png
1783995294.780,RIGHT,screen_collector/screens/browser/RIGHT/20260713-221315_000355.png
1783995294.847,RIGHT,screen_collector/screens/browser/RIGHT/20260713-221315_000356.png
1783995294.916,RIGHT,screen_collector/screens/browser/RIGHT/20260713-221315_000357.png
1783995294.986,RIGHT,screen_collector/screens/browser/RIGHT/20260713-221315_000358.png
1783995295.058,RIGHT,screen_collector/screens/browser/RIGHT/20260713-221315_000359.png
1783995295.129,RIGHT,screen_collector/screens/browser/RIGHT/20260713-221315_000360.png
1783995295.559,NONE,screen_collector/screens/browser/NONE/20260713-221315_000361.png
1783995296.124,NONE,screen_collector/screens/browser/NONE/20260713-221315_000362.png
1783995296.267,LEFT,screen_collector/screens/browser/LEFT/20260713-221315_000363.png
1783995296.334,LEFT,screen_collector/screens/browser/LEFT/20260713-221315_000364.png
1783995296.405,LEFT,screen_collector/screens/browser/LEFT/20260713-221315_000365.png
1783995296.474,LEFT,screen_collector/screens/browser/LEFT/20260713-221315_000366.png
1783995296.543,LEFT,screen_collector/screens/browser/LEFT/20260713-221315_000367.png
1783995296.615,LEFT,screen_collector/screens/browser/LEFT/20260713-221315_000368.png
1783995296.685,LEFT,screen_collector/screens/browser/LEFT/20260713-221315_000369.png
1783995296.757,LEFT,screen_collector/screens/browser/LEFT/20260713-221315_000370.png
1783995296.828,LEFT,screen_collector/screens/browser/LEFT/20260713-221315_000371.png
1783995297.258,NONE,screen_collector/screens/browser/NONE/20260713-221315_000372.png
1783995297.402,NONE,screen_collector/screens/browser/NONE/20260713-221315_000373.png
1783995297.474,NONE,screen_collector/screens/browser/NONE/20260713-221315_000374.png
1783995297.613,NONE,screen_collector/screens/browser/NONE/20260713-221315_000375.png
1783995297.824,RIGHT,screen_collector/screens/browser/RIGHT/20260713-221315_000376.png
1783995297.895,RIGHT,screen_collector/screens/browser/RIGHT/20260713-221315_000377.png
1783995297.967,RIGHT,screen_collector/screens/browser/RIGHT/20260713-221315_000378.png
1783995298.037,RIGHT,screen_collector/screens/browser/RIGHT/20260713-221315_000379.png
1783995298.109,RIGHT,screen_collector/screens/browser/RIGHT/20260713-221315_000380.png
1783995298.180,RIGHT,screen_collector/screens/browser/RIGHT/20260713-221315_000381.png
1783995298.249,RIGHT,screen_collector/screens/browser/RIGHT/20260713-221315_000382.png
1783995298.321,RIGHT,screen_collector/screens/browser/RIGHT/20260713-221315_000383.png
1783995298.393,RIGHT,screen_collector/screens/browser/RIGHT/20260713-221315_000384.png
1783995298.536,NONE,screen_collector/screens/browser/NONE/20260713-221315_000385.png
1783995299.670,NONE,screen_collector/screens/browser/NONE/20260713-221315_000386.png
1783995299.739,RIGHT,screen_collector/screens/browser/RIGHT/20260713-221315_000387.png
1783995299.807,RIGHT,screen_collector/screens/browser/RIGHT/20260713-221315_000388.png
1783995299.879,RIGHT,screen_collector/screens/browser/RIGHT/20260713-221315_000389.png
1783995299.950,RIGHT,screen_collector/screens/browser/RIGHT/20260713-221315_000390.png
1783995300.022,RIGHT,screen_collector/screens/browser/RIGHT/20260713-221315_000391.png
1783995300.094,RIGHT,screen_collector/screens/browser/RIGHT/20260713-221315_000392.png
1783995300.165,RIGHT,screen_collector/screens/browser/RIGHT/20260713-221315_000393.png
1783995300.237,RIGHT,screen_collector/screens/browser/RIGHT/20260713-221315_000394.png
1783995300.309,RIGHT,screen_collector/screens/browser/RIGHT/20260713-221315_000395.png
1783995300.452,NONE,screen_collector/screens/browser/NONE/20260713-221315_000396.png
1783995300.667,NONE,screen_collector/screens/browser/NONE/20260713-221315_000397.png
1783995301.375,NONE,screen_collector/screens/browser/NONE/20260713-221315_000398.png
1783995301.727,NONE,screen_collector/screens/browser/NONE/20260713-221315_000399.png
1783995301.935,NONE,screen_collector/screens/browser/NONE/20260713-221315_000400.png
1783995302.004,NONE,screen_collector/screens/browser/NONE/20260713-221315_000401.png
1783995302.076,LEFT,screen_collector/screens/browser/LEFT/20260713-221315_000402.png
1783995302.145,LEFT,screen_collector/screens/browser/LEFT/20260713-221315_000403.png
1783995302.217,LEFT,screen_collector/screens/browser/LEFT/20260713-221315_000404.png
1783995302.288,LEFT,screen_collector/screens/browser/LEFT/20260713-221315_000405.png
1783995302.358,LEFT,screen_collector/screens/browser/LEFT/20260713-221315_000406.png
1783995302.430,LEFT,screen_collector/screens/browser/LEFT/20260713-221315_000407.png
1783995302.502,LEFT,screen_collector/screens/browser/LEFT/20260713-221315_000408.png
1783995302.573,LEFT,screen_collector/screens/browser/LEFT/20260713-221315_000409.png
1783995302.645,LEFT,screen_collector/screens/browser/LEFT/20260713-221315_000410.png
1783995303.290,NONE,screen_collector/screens/browser/NONE/20260713-221315_000411.png
1783995303.361,NONE,screen_collector/screens/browser/NONE/20260713-221315_000412.png
1783995303.570,NONE,screen_collector/screens/browser/NONE/20260713-221315_000413.png
1783995304.063,DOWN,screen_collector/screens/browser/DOWN/20260713-221315_000414.png
1783995304.132,DOWN,screen_collector/screens/browser/DOWN/20260713-221315_000415.png
1783995304.204,DOWN,screen_collector/screens/browser/DOWN/20260713-221315_000416.png
1783995304.270,DOWN,screen_collector/screens/browser/DOWN/20260713-221315_000417.png
1783995304.340,DOWN,screen_collector/screens/browser/DOWN/20260713-221315_000418.png
1783995304.411,DOWN,screen_collector/screens/browser/DOWN/20260713-221315_000419.png
1783995304.481,DOWN,screen_collector/screens/browser/DOWN/20260713-221315_000420.png
1783995304.552,DOWN,screen_collector/screens/browser/DOWN/20260713-221315_000421.png
1783995304.624,DOWN,screen_collector/screens/browser/DOWN/20260713-221315_000422.png
1783995304.982,NONE,screen_collector/screens/browser/NONE/20260713-221315_000423.png
1783995305.054,NONE,screen_collector/screens/browser/NONE/20260713-221315_000424.png
1783995305.126,LEFT,screen_collector/screens/browser/LEFT/20260713-221315_000425.png
1783995305.197,LEFT,screen_collector/screens/browser/LEFT/20260713-221315_000426.png
1783995305.269,LEFT,screen_collector/screens/browser/LEFT/20260713-221315_000427.png
1783995305.341,LEFT,screen_collector/screens/browser/LEFT/20260713-221315_000428.png
1783995305.409,LEFT,screen_collector/screens/browser/LEFT/20260713-221315_000429.png
1783995305.481,LEFT,screen_collector/screens/browser/LEFT/20260713-221315_000430.png
1783995305.552,LEFT,screen_collector/screens/browser/LEFT/20260713-221315_000431.png
1783995305.624,LEFT,screen_collector/screens/browser/LEFT/20260713-221315_000432.png
1783995305.696,LEFT,screen_collector/screens/browser/LEFT/20260713-221315_000433.png
1783995305.839,NONE,screen_collector/screens/browser/NONE/20260713-221315_000434.png
1783995305.982,NONE,screen_collector/screens/browser/NONE/20260713-221315_000435.png
1783995306.194,NONE,screen_collector/screens/browser/NONE/20260713-221315_000436.png
1783995306.265,NONE,screen_collector/screens/browser/NONE/20260713-221315_000437.png
1783995306.337,DOWN,screen_collector/screens/browser/DOWN/20260713-221315_000438.png
1783995306.407,DOWN,screen_collector/screens/browser/DOWN/20260713-221315_000439.png
1783995306.479,DOWN,screen_collector/screens/browser/DOWN/20260713-221315_000440.png
1783995306.550,DOWN,screen_collector/screens/browser/DOWN/20260713-221315_000441.png
1783995306.619,DOWN,screen_collector/screens/browser/DOWN/20260713-221315_000442.png
1783995306.691,DOWN,screen_collector/screens/browser/DOWN/20260713-221315_000443.png
1783995306.763,DOWN,screen_collector/screens/browser/DOWN/20260713-221315_000444.png
1783995306.834,DOWN,screen_collector/screens/browser/DOWN/20260713-221315_000445.png
1783995306.906,DOWN,screen_collector/screens/browser/DOWN/20260713-221315_000446.png
1783995307.121,NONE,screen_collector/screens/browser/NONE/20260713-221315_000447.png
1783995308.044,NONE,screen_collector/screens/browser/NONE/20260713-221315_000448.png
1783995308.115,NONE,screen_collector/screens/browser/NONE/20260713-221315_000449.png
1783995308.397,NONE,screen_collector/screens/browser/NONE/20260713-221315_000450.png
1783995308.536,NONE,screen_collector/screens/browser/NONE/20260713-221315_000451.png
1783995308.817,NONE,screen_collector/screens/browser/NONE/20260713-221315_000452.png
1783995309.380,NONE,screen_collector/screens/browser/NONE/20260713-221315_000453.png
1783995309.725,NONE,screen_collector/screens/browser/NONE/20260713-221315_000454.png
1783995310.009,NONE,screen_collector/screens/browser/NONE/20260713-221315_000455.png
1783995310.493,NONE,screen_collector/screens/browser/NONE/20260713-221315_000456.png
1783995310.564,NONE,screen_collector/screens/browser/NONE/20260713-221315_000457.png
1783995311.694,DOWN,screen_collector/screens/browser/DOWN/20260713-221315_000458.png
1783995311.766,DOWN,screen_collector/screens/browser/DOWN/20260713-221315_000459.png
1783995311.834,DOWN,screen_collector/screens/browser/DOWN/20260713-221315_000460.png
1783995311.906,DOWN,screen_collector/screens/browser/DOWN/20260713-221315_000461.png
1783995311.973,DOWN,screen_collector/screens/browser/DOWN/20260713-221315_000462.png
1783995312.043,DOWN,screen_collector/screens/browser/DOWN/20260713-221315_000463.png
1783995312.113,DOWN,screen_collector/screens/browser/DOWN/20260713-221315_000464.png
1783995312.184,DOWN,screen_collector/screens/browser/DOWN/20260713-221315_000465.png
1783995312.255,DOWN,screen_collector/screens/browser/DOWN/20260713-221315_000466.png
1783995312.327,NONE,screen_collector/screens/browser/NONE/20260713-221315_000467.png
1783995313.204,NONE,screen_collector/screens/browser/NONE/20260713-221315_000468.png
1783995314.251,RIGHT,screen_collector/screens/browser/RIGHT/20260713-221315_000469.png
1783995314.323,RIGHT,screen_collector/screens/browser/RIGHT/20260713-221315_000470.png
1783995314.394,RIGHT,screen_collector/screens/browser/RIGHT/20260713-221315_000471.png
1783995314.465,RIGHT,screen_collector/screens/browser/RIGHT/20260713-221315_000472.png
1783995314.534,RIGHT,screen_collector/screens/browser/RIGHT/20260713-221315_000473.png
1783995314.603,RIGHT,screen_collector/screens/browser/RIGHT/20260713-221315_000474.png
1783995314.673,RIGHT,screen_collector/screens/browser/RIGHT/20260713-221315_000475.png
1783995314.743,RIGHT,screen_collector/screens/browser/RIGHT/20260713-221315_000476.png
1783995314.814,RIGHT,screen_collector/screens/browser/RIGHT/20260713-221315_000477.png
1783995314.886,RIGHT,screen_collector/screens/browser/RIGHT/20260713-221315_000478.png
1783995314.958,RIGHT,screen_collector/screens/browser/RIGHT/20260713-221315_000479.png
1783995315.027,RIGHT,screen_collector/screens/browser/RIGHT/20260713-221315_000480.png
1783995315.098,RIGHT,screen_collector/screens/browser/RIGHT/20260713-221315_000481.png
1783995315.170,RIGHT,screen_collector/screens/browser/RIGHT/20260713-221315_000482.png
1783995315.242,RIGHT,screen_collector/screens/browser/RIGHT/20260713-221315_000483.png
1783995315.876,NONE,screen_collector/screens/browser/NONE/20260713-221315_000484.png
1783995316.017,NONE,screen_collector/screens/browser/NONE/20260713-221315_000485.png
1783995316.086,NONE,screen_collector/screens/browser/NONE/20260713-221315_000486.png
1783995316.294,NONE,screen_collector/screens/browser/NONE/20260713-221315_000487.png
1783995316.434,DOWN,screen_collector/screens/browser/DOWN/20260713-221315_000488.png
1783995316.506,DOWN,screen_collector/screens/browser/DOWN/20260713-221315_000489.png
1783995316.578,DOWN,screen_collector/screens/browser/DOWN/20260713-221315_000490.png
1783995316.646,DOWN,screen_collector/screens/browser/DOWN/20260713-221315_000491.png
1783995316.716,DOWN,screen_collector/screens/browser/DOWN/20260713-221315_000492.png
1783995316.788,DOWN,screen_collector/screens/browser/DOWN/20260713-221315_000493.png
1783995316.859,DOWN,screen_collector/screens/browser/DOWN/20260713-221315_000494.png
1783995316.930,DOWN,screen_collector/screens/browser/DOWN/20260713-221315_000495.png
1783995317.002,DOWN,screen_collector/screens/browser/DOWN/20260713-221315_000496.png
1783995317.073,LEFT,screen_collector/screens/browser/LEFT/20260713-221315_000497.png
1783995317.144,LEFT,screen_collector/screens/browser/LEFT/20260713-221315_000498.png
1783995317.216,LEFT,screen_collector/screens/browser/LEFT/20260713-221315_000499.png
1783995317.288,LEFT,screen_collector/screens/browser/LEFT/20260713-221315_000500.png
1783995317.359,LEFT,screen_collector/screens/browser/LEFT/20260713-221315_000501.png
1783995317.431,LEFT,screen_collector/screens/browser/LEFT/20260713-221315_000502.png
1783995317.503,LEFT,screen_collector/screens/browser/LEFT/20260713-221315_000503.png
1783995317.574,DOWN,screen_collector/screens/browser/DOWN/20260713-221315_000504.png
1783995317.646,DOWN,screen_collector/screens/browser/DOWN/20260713-221315_000505.png
1783995317.718,DOWN,screen_collector/screens/browser/DOWN/20260713-221315_000506.png
1783995317.789,DOWN,screen_collector/screens/browser/DOWN/20260713-221315_000507.png
1783995317.861,DOWN,screen_collector/screens/browser/DOWN/20260713-221315_000508.png
1783995317.933,DOWN,screen_collector/screens/browser/DOWN/20260713-221315_000509.png
1783995318.005,DOWN,screen_collector/screens/browser/DOWN/20260713-221315_000510.png
1783995318.220,NONE,screen_collector/screens/browser/NONE/20260713-221315_000511.png
1783995318.506,NONE,screen_collector/screens/browser/NONE/20260713-221315_000512.png
1783995318.578,NONE,screen_collector/screens/browser/NONE/20260713-221315_000513.png
1783995318.788,DOWN,screen_collector/screens/browser/DOWN/20260713-221315_000514.png
1783995318.860,DOWN,screen_collector/screens/browser/DOWN/20260713-221315_000515.png
1783995318.930,DOWN,screen_collector/screens/browser/DOWN/20260713-221315_000516.png
1783995319.001,DOWN,screen_collector/screens/browser/DOWN/20260713-221315_000517.png
1783995319.073,DOWN,screen_collector/screens/browser/DOWN/20260713-221315_000518.png
1783995319.141,DOWN,screen_collector/screens/browser/DOWN/20260713-221315_000519.png
1783995319.211,DOWN,screen_collector/screens/browser/DOWN/20260713-221315_000520.png
1783995319.283,LEFT,screen_collector/screens/browser/LEFT/20260713-221315_000521.png
1783995319.354,LEFT,screen_collector/screens/browser/LEFT/20260713-221315_000522.png
1783995319.424,LEFT,screen_collector/screens/browser/LEFT/20260713-221315_000523.png
1783995319.496,LEFT,screen_collector/screens/browser/LEFT/20260713-221315_000524.png
1783995319.568,LEFT,screen_collector/screens/browser/LEFT/20260713-221315_000525.png
1783995319.639,LEFT,screen_collector/screens/browser/LEFT/20260713-221315_000526.png
1783995319.995,NONE,screen_collector/screens/browser/NONE/20260713-221315_000527.png
1783995320.353,NONE,screen_collector/screens/browser/NONE/20260713-221315_000528.png
1783995320.495,NONE,screen_collector/screens/browser/NONE/20260713-221315_000529.png
1783995320.707,NONE,screen_collector/screens/browser/NONE/20260713-221315_000530.png
1783995321.691,NONE,screen_collector/screens/browser/NONE/20260713-221315_000531.png
1783995322.110,NONE,screen_collector/screens/browser/NONE/20260713-221315_000532.png
1783995322.394,NONE,screen_collector/screens/browser/NONE/20260713-221315_000533.png
1783995322.531,UP,screen_collector/screens/browser/UP/20260713-221315_000534.png
1783995322.603,UP,screen_collector/screens/browser/UP/20260713-221315_000535.png
1783995322.674,UP,screen_collector/screens/browser/UP/20260713-221315_000536.png
1783995322.746,UP,screen_collector/screens/browser/UP/20260713-221315_000537.png
1783995322.813,UP,screen_collector/screens/browser/UP/20260713-221315_000538.png
1783995322.885,UP,screen_collector/screens/browser/UP/20260713-221315_000539.png
1783995322.956,UP,screen_collector/screens/browser/UP/20260713-221315_000540.png
1783995323.027,UP,screen_collector/screens/browser/UP/20260713-221315_000541.png
1783995323.099,UP,screen_collector/screens/browser/UP/20260713-221315_000542.png
1783995323.953,NONE,screen_collector/screens/browser/NONE/20260713-221315_000543.png
1783995324.023,RIGHT,screen_collector/screens/browser/RIGHT/20260713-221315_000544.png
1783995324.094,RIGHT,screen_collector/screens/browser/RIGHT/20260713-221315_000545.png
1783995324.164,RIGHT,screen_collector/screens/browser/RIGHT/20260713-221315_000546.png
1783995324.233,RIGHT,screen_collector/screens/browser/RIGHT/20260713-221315_000547.png
1783995324.303,RIGHT,screen_collector/screens/browser/RIGHT/20260713-221315_000548.png
1783995324.393,RIGHT,screen_collector/screens/browser/RIGHT/20260713-221315_000549.png
1783995324.465,RIGHT,screen_collector/screens/browser/RIGHT/20260713-221315_000550.png
1783995324.533,RIGHT,screen_collector/screens/browser/RIGHT/20260713-221315_000551.png
1783995324.676,NONE,screen_collector/screens/browser/NONE/20260713-221315_000552.png
1783995324.748,NONE,screen_collector/screens/browser/NONE/20260713-221315_000553.png
1783995324.820,NONE,screen_collector/screens/browser/NONE/20260713-221315_000554.png
1783995325.035,NONE,screen_collector/screens/browser/NONE/20260713-221315_000555.png
1783995325.249,RIGHT,screen_collector/screens/browser/RIGHT/20260713-221315_000556.png
1783995325.321,RIGHT,screen_collector/screens/browser/RIGHT/20260713-221315_000557.png
1783995325.392,RIGHT,screen_collector/screens/browser/RIGHT/20260713-221315_000558.png
1783995325.463,RIGHT,screen_collector/screens/browser/RIGHT/20260713-221315_000559.png
1783995325.534,RIGHT,screen_collector/screens/browser/RIGHT/20260713-221315_000560.png
1783995325.606,RIGHT,screen_collector/screens/browser/RIGHT/20260713-221315_000561.png
1783995325.677,RIGHT,screen_collector/screens/browser/RIGHT/20260713-221315_000562.png
1783995325.749,UP,screen_collector/screens/browser/UP/20260713-221315_000563.png
1783995325.820,UP,screen_collector/screens/browser/UP/20260713-221315_000564.png
1783995325.891,UP,screen_collector/screens/browser/UP/20260713-221315_000565.png
1783995325.963,UP,screen_collector/screens/browser/UP/20260713-221315_000566.png
1783995326.031,UP,screen_collector/screens/browser/UP/20260713-221315_000567.png
1783995326.102,UP,screen_collector/screens/browser/UP/20260713-221315_000568.png
1783995326.317,LEFT,screen_collector/screens/browser/LEFT/20260713-221315_000569.png
1783995326.389,LEFT,screen_collector/screens/browser/LEFT/20260713-221315_000570.png
1783995326.461,LEFT,screen_collector/screens/browser/LEFT/20260713-221315_000571.png
1783995326.532,LEFT,screen_collector/screens/browser/LEFT/20260713-221315_000572.png
1783995326.604,LEFT,screen_collector/screens/browser/LEFT/20260713-221315_000573.png
1783995326.673,LEFT,screen_collector/screens/browser/LEFT/20260713-221315_000574.png
1783995326.742,LEFT,screen_collector/screens/browser/LEFT/20260713-221315_000575.png
1783995326.814,LEFT,screen_collector/screens/browser/LEFT/20260713-221315_000576.png
1783995326.885,LEFT,screen_collector/screens/browser/LEFT/20260713-221315_000577.png
1783995327.244,UP,screen_collector/screens/browser/UP/20260713-221315_000578.png
1783995327.316,UP,screen_collector/screens/browser/UP/20260713-221315_000579.png
1783995327.387,UP,screen_collector/screens/browser/UP/20260713-221315_000580.png
1783995327.456,UP,screen_collector/screens/browser/UP/20260713-221315_000581.png
1783995327.525,UP,screen_collector/screens/browser/UP/20260713-221315_000582.png
1783995327.593,UP,screen_collector/screens/browser/UP/20260713-221315_000583.png
1783995327.664,UP,screen_collector/screens/browser/UP/20260713-221315_000584.png
1783995327.735,UP,screen_collector/screens/browser/UP/20260713-221315_000585.png
1783995328.237,NONE,screen_collector/screens/browser/NONE/20260713-221315_000586.png
1783995328.380,LEFT,screen_collector/screens/browser/LEFT/20260713-221315_000587.png
1783995328.449,LEFT,screen_collector/screens/browser/LEFT/20260713-221315_000588.png
1783995328.519,LEFT,screen_collector/screens/browser/LEFT/20260713-221315_000589.png
1783995328.589,LEFT,screen_collector/screens/browser/LEFT/20260713-221315_000590.png
1783995328.658,LEFT,screen_collector/screens/browser/LEFT/20260713-221315_000591.png
1783995328.730,LEFT,screen_collector/screens/browser/LEFT/20260713-221315_000592.png
1783995328.797,LEFT,screen_collector/screens/browser/LEFT/20260713-221315_000593.png
1783995328.869,LEFT,screen_collector/screens/browser/LEFT/20260713-221315_000594.png
1783995328.941,LEFT,screen_collector/screens/browser/LEFT/20260713-221315_000595.png
1783995329.156,NONE,screen_collector/screens/browser/NONE/20260713-221315_000596.png
1783995329.228,NONE,screen_collector/screens/browser/NONE/20260713-221315_000597.png
1783995329.656,RIGHT,screen_collector/screens/browser/RIGHT/20260713-221315_000598.png
1783995329.727,RIGHT,screen_collector/screens/browser/RIGHT/20260713-221315_000599.png
1783995329.796,RIGHT,screen_collector/screens/browser/RIGHT/20260713-221315_000600.png
1783995329.865,RIGHT,screen_collector/screens/browser/RIGHT/20260713-221315_000601.png
1783995329.936,RIGHT,screen_collector/screens/browser/RIGHT/20260713-221315_000602.png
1783995330.006,RIGHT,screen_collector/screens/browser/RIGHT/20260713-221315_000603.png
1783995330.076,RIGHT,screen_collector/screens/browser/RIGHT/20260713-221315_000604.png
1783995330.147,RIGHT,screen_collector/screens/browser/RIGHT/20260713-221315_000605.png
1783995330.362,LEFT,screen_collector/screens/browser/LEFT/20260713-221315_000606.png
1783995330.433,LEFT,screen_collector/screens/browser/LEFT/20260713-221315_000607.png
1783995330.505,LEFT,screen_collector/screens/browser/LEFT/20260713-221315_000608.png
1783995330.577,LEFT,screen_collector/screens/browser/LEFT/20260713-221315_000609.png
1783995330.648,LEFT,screen_collector/screens/browser/LEFT/20260713-221315_000610.png
1783995330.719,LEFT,screen_collector/screens/browser/LEFT/20260713-221315_000611.png
1783995330.789,LEFT,screen_collector/screens/browser/LEFT/20260713-221315_000612.png
1783995330.861,LEFT,screen_collector/screens/browser/LEFT/20260713-221315_000613.png
1783995330.933,RIGHT,screen_collector/screens/browser/RIGHT/20260713-221315_000614.png
1783995331.004,RIGHT,screen_collector/screens/browser/RIGHT/20260713-221315_000615.png
1783995331.076,RIGHT,screen_collector/screens/browser/RIGHT/20260713-221315_000616.png
1783995331.148,RIGHT,screen_collector/screens/browser/RIGHT/20260713-221315_000617.png
1783995331.220,RIGHT,screen_collector/screens/browser/RIGHT/20260713-221315_000618.png
1783995331.291,RIGHT,screen_collector/screens/browser/RIGHT/20260713-221315_000619.png
1783995331.363,RIGHT,screen_collector/screens/browser/RIGHT/20260713-221315_000620.png
1783995331.506,RIGHT,screen_collector/screens/browser/RIGHT/20260713-221315_000621.png
1783995331.578,RIGHT,screen_collector/screens/browser/RIGHT/20260713-221315_000622.png
1783995331.650,RIGHT,screen_collector/screens/browser/RIGHT/20260713-221315_000623.png
1783995331.721,RIGHT,screen_collector/screens/browser/RIGHT/20260713-221315_000624.png
1783995331.793,RIGHT,screen_collector/screens/browser/RIGHT/20260713-221315_000625.png
1783995331.865,RIGHT,screen_collector/screens/browser/RIGHT/20260713-221315_000626.png
1783995331.935,RIGHT,screen_collector/screens/browser/RIGHT/20260713-221315_000627.png
1783995332.007,LEFT,screen_collector/screens/browser/LEFT/20260713-221315_000628.png
1783995332.078,LEFT,screen_collector/screens/browser/LEFT/20260713-221315_000629.png
1783995332.150,LEFT,screen_collector/screens/browser/LEFT/20260713-221315_000630.png
1783995332.222,LEFT,screen_collector/screens/browser/LEFT/20260713-221315_000631.png
1783995332.289,LEFT,screen_collector/screens/browser/LEFT/20260713-221315_000632.png
1783995332.358,LEFT,screen_collector/screens/browser/LEFT/20260713-221315_000633.png
1783995332.430,LEFT,screen_collector/screens/browser/LEFT/20260713-221315_000634.png
1783995332.572,LEFT,screen_collector/screens/browser/LEFT/20260713-221315_000635.png
1783995332.639,LEFT,screen_collector/screens/browser/LEFT/20260713-221315_000636.png
1783995332.711,LEFT,screen_collector/screens/browser/LEFT/20260713-221315_000637.png
1783995332.782,LEFT,screen_collector/screens/browser/LEFT/20260713-221315_000638.png
1783995332.854,LEFT,screen_collector/screens/browser/LEFT/20260713-221315_000639.png
1783995332.926,LEFT,screen_collector/screens/browser/LEFT/20260713-221315_000640.png
1783995332.998,LEFT,screen_collector/screens/browser/LEFT/20260713-221315_000641.png
1783995333.069,LEFT,screen_collector/screens/browser/LEFT/20260713-221315_000642.png
1783995333.141,RIGHT,screen_collector/screens/browser/RIGHT/20260713-221315_000643.png
1783995333.213,RIGHT,screen_collector/screens/browser/RIGHT/20260713-221315_000644.png
1783995333.284,RIGHT,screen_collector/screens/browser/RIGHT/20260713-221315_000645.png
1783995333.356,RIGHT,screen_collector/screens/browser/RIGHT/20260713-221315_000646.png
1783995333.428,RIGHT,screen_collector/screens/browser/RIGHT/20260713-221315_000647.png
1783995333.499,RIGHT,screen_collector/screens/browser/RIGHT/20260713-221315_000648.png
1783995333.571,RIGHT,screen_collector/screens/browser/RIGHT/20260713-221315_000649.png
1783995334.072,NONE,screen_collector/screens/browser/NONE/20260713-221315_000650.png
1783995334.435,NONE,screen_collector/screens/browser/NONE/20260713-221315_000651.png
1783995334.926,NONE,screen_collector/screens/browser/NONE/20260713-221315_000652.png
1783995335.067,NONE,screen_collector/screens/browser/NONE/20260713-221315_000653.png
1783995335.418,NONE,screen_collector/screens/browser/NONE/20260713-221315_000654.png
1783995335.556,DOWN,screen_collector/screens/browser/DOWN/20260713-221315_000655.png
1783995335.628,DOWN,screen_collector/screens/browser/DOWN/20260713-221315_000656.png
1783995335.695,DOWN,screen_collector/screens/browser/DOWN/20260713-221315_000657.png
1783995335.763,DOWN,screen_collector/screens/browser/DOWN/20260713-221315_000658.png
1783995335.833,DOWN,screen_collector/screens/browser/DOWN/20260713-221315_000659.png
1783995335.905,DOWN,screen_collector/screens/browser/DOWN/20260713-221315_000660.png
1783995335.991,DOWN,screen_collector/screens/browser/DOWN/20260713-221315_000661.png
1783995336.062,DOWN,screen_collector/screens/browser/DOWN/20260713-221315_000662.png
1783995336.844,LEFT,screen_collector/screens/browser/LEFT/20260713-221315_000663.png
1783995336.911,LEFT,screen_collector/screens/browser/LEFT/20260713-221315_000664.png
1783995336.982,LEFT,screen_collector/screens/browser/LEFT/20260713-221315_000665.png
1783995337.051,LEFT,screen_collector/screens/browser/LEFT/20260713-221315_000666.png
1783995337.123,LEFT,screen_collector/screens/browser/LEFT/20260713-221315_000667.png
1783995337.191,LEFT,screen_collector/screens/browser/LEFT/20260713-221315_000668.png
1783995337.259,LEFT,screen_collector/screens/browser/LEFT/20260713-221315_000669.png
1783995337.331,LEFT,screen_collector/screens/browser/LEFT/20260713-221315_000670.png
1783995337.403,LEFT,screen_collector/screens/browser/LEFT/20260713-221315_000671.png
1783995337.905,NONE,screen_collector/screens/browser/NONE/20260713-221315_000672.png
1783995337.976,RIGHT,screen_collector/screens/browser/RIGHT/20260713-221315_000673.png
1783995338.046,RIGHT,screen_collector/screens/browser/RIGHT/20260713-221315_000674.png
1783995338.118,RIGHT,screen_collector/screens/browser/RIGHT/20260713-221315_000675.png
1783995338.189,RIGHT,screen_collector/screens/browser/RIGHT/20260713-221315_000676.png
1783995338.258,RIGHT,screen_collector/screens/browser/RIGHT/20260713-221315_000677.png
1783995338.329,RIGHT,screen_collector/screens/browser/RIGHT/20260713-221315_000678.png
1783995338.401,RIGHT,screen_collector/screens/browser/RIGHT/20260713-221315_000679.png
1783995338.472,RIGHT,screen_collector/screens/browser/RIGHT/20260713-221315_000680.png
1783995339.046,NONE,screen_collector/screens/browser/NONE/20260713-221315_000681.png
1783995339.327,RIGHT,screen_collector/screens/browser/RIGHT/20260713-221315_000682.png
1783995339.396,RIGHT,screen_collector/screens/browser/RIGHT/20260713-221315_000683.png
1783995339.463,RIGHT,screen_collector/screens/browser/RIGHT/20260713-221315_000684.png
1783995339.534,RIGHT,screen_collector/screens/browser/RIGHT/20260713-221315_000685.png
1783995339.606,RIGHT,screen_collector/screens/browser/RIGHT/20260713-221315_000686.png
1783995339.673,RIGHT,screen_collector/screens/browser/RIGHT/20260713-221315_000687.png
1783995339.742,RIGHT,screen_collector/screens/browser/RIGHT/20260713-221315_000688.png
1783995339.814,RIGHT,screen_collector/screens/browser/RIGHT/20260713-221315_000689.png
1783995339.886,LEFT,screen_collector/screens/browser/LEFT/20260713-221315_000690.png
1783995339.957,LEFT,screen_collector/screens/browser/LEFT/20260713-221315_000691.png
1783995340.029,LEFT,screen_collector/screens/browser/LEFT/20260713-221315_000692.png
1783995340.101,LEFT,screen_collector/screens/browser/LEFT/20260713-221315_000693.png
1783995340.172,LEFT,screen_collector/screens/browser/LEFT/20260713-221315_000694.png
1783995340.244,LEFT,screen_collector/screens/browser/LEFT/20260713-221315_000695.png
1783995340.316,LEFT,screen_collector/screens/browser/LEFT/20260713-221315_000696.png
1783995340.387,LEFT,screen_collector/screens/browser/LEFT/20260713-221315_000697.png
1783995340.818,RIGHT,screen_collector/screens/browser/RIGHT/20260713-221315_000698.png
1783995340.889,RIGHT,screen_collector/screens/browser/RIGHT/20260713-221315_000699.png
1783995340.957,RIGHT,screen_collector/screens/browser/RIGHT/20260713-221315_000700.png
1783995341.025,RIGHT,screen_collector/screens/browser/RIGHT/20260713-221315_000701.png
1783995341.095,RIGHT,screen_collector/screens/browser/RIGHT/20260713-221315_000702.png
1783995341.166,RIGHT,screen_collector/screens/browser/RIGHT/20260713-221315_000703.png
1783995341.236,RIGHT,screen_collector/screens/browser/RIGHT/20260713-221315_000704.png
1783995341.308,RIGHT,screen_collector/screens/browser/RIGHT/20260713-221315_000705.png
1783995341.666,LEFT,screen_collector/screens/browser/LEFT/20260713-221315_000706.png
1783995341.738,LEFT,screen_collector/screens/browser/LEFT/20260713-221315_000707.png
1783995341.809,LEFT,screen_collector/screens/browser/LEFT/20260713-221315_000708.png
1783995341.880,LEFT,screen_collector/screens/browser/LEFT/20260713-221315_000709.png
1783995341.951,LEFT,screen_collector/screens/browser/LEFT/20260713-221315_000710.png
1783995342.021,LEFT,screen_collector/screens/browser/LEFT/20260713-221315_000711.png
1783995342.093,LEFT,screen_collector/screens/browser/LEFT/20260713-221315_000712.png
1783995342.165,LEFT,screen_collector/screens/browser/LEFT/20260713-221315_000713.png
1783995342.666,NONE,screen_collector/screens/browser/NONE/20260713-221315_000714.png
1783995343.242,NONE,screen_collector/screens/browser/NONE/20260713-221315_000715.png
1783995343.311,NONE,screen_collector/screens/browser/NONE/20260713-221315_000716.png
1783995343.591,NONE,screen_collector/screens/browser/NONE/20260713-221315_000717.png
1783995343.661,NONE,screen_collector/screens/browser/NONE/20260713-221315_000718.png
1783995344.080,NONE,screen_collector/screens/browser/NONE/20260713-221315_000719.png
1783995344.232,RIGHT,screen_collector/screens/browser/RIGHT/20260713-221315_000720.png
1783995344.304,RIGHT,screen_collector/screens/browser/RIGHT/20260713-221315_000721.png
1783995344.373,RIGHT,screen_collector/screens/browser/RIGHT/20260713-221315_000722.png
1783995344.441,RIGHT,screen_collector/screens/browser/RIGHT/20260713-221315_000723.png
1783995344.509,RIGHT,screen_collector/screens/browser/RIGHT/20260713-221315_000724.png
1783995344.581,RIGHT,screen_collector/screens/browser/RIGHT/20260713-221315_000725.png
1783995344.652,RIGHT,screen_collector/screens/browser/RIGHT/20260713-221315_000726.png
1783995344.723,RIGHT,screen_collector/screens/browser/RIGHT/20260713-221315_000727.png
1783995344.952,NONE,screen_collector/screens/browser/NONE/20260713-221315_000728.png
1783995345.164,NONE,screen_collector/screens/browser/NONE/20260713-221315_000729.png
1783995345.230,NONE,screen_collector/screens/browser/NONE/20260713-221315_000730.png
1783995345.655,NONE,screen_collector/screens/browser/NONE/20260713-221315_000731.png
1783995345.866,NONE,screen_collector/screens/browser/NONE/20260713-221315_000732.png
1783995347.123,NONE,screen_collector/screens/browser/NONE/20260713-221315_000733.png
1783995347.334,NONE,screen_collector/screens/browser/NONE/20260713-221315_000734.png
1783995347.818,UP,screen_collector/screens/browser/UP/20260713-221315_000735.png
1783995347.888,UP,screen_collector/screens/browser/UP/20260713-221315_000736.png
1783995347.955,UP,screen_collector/screens/browser/UP/20260713-221315_000737.png
1783995348.025,UP,screen_collector/screens/browser/UP/20260713-221315_000738.png
1783995348.096,UP,screen_collector/screens/browser/UP/20260713-221315_000739.png
1783995348.166,UP,screen_collector/screens/browser/UP/20260713-221315_000740.png
1783995348.234,UP,screen_collector/screens/browser/UP/20260713-221315_000741.png
1783995348.306,UP,screen_collector/screens/browser/UP/20260713-221315_000742.png
1783995348.377,UP,screen_collector/screens/browser/UP/20260713-221315_000743.png
1783995348.735,NONE,screen_collector/screens/browser/NONE/20260713-221315_000744.png
1783995348.879,NONE,screen_collector/screens/browser/NONE/20260713-221315_000745.png
1783995349.231,LEFT,screen_collector/screens/browser/LEFT/20260713-221315_000746.png
1783995349.300,LEFT,screen_collector/screens/browser/LEFT/20260713-221315_000747.png
1783995349.372,LEFT,screen_collector/screens/browser/LEFT/20260713-221315_000748.png
1783995349.439,LEFT,screen_collector/screens/browser/LEFT/20260713-221315_000749.png
1783995349.506,LEFT,screen_collector/screens/browser/LEFT/20260713-221315_000750.png
1783995349.573,LEFT,screen_collector/screens/browser/LEFT/20260713-221315_000751.png
1783995349.643,RIGHT,screen_collector/screens/browser/RIGHT/20260713-221315_000752.png
1783995349.715,RIGHT,screen_collector/screens/browser/RIGHT/20260713-221315_000753.png
1783995349.787,RIGHT,screen_collector/screens/browser/RIGHT/20260713-221315_000754.png
1783995349.858,RIGHT,screen_collector/screens/browser/RIGHT/20260713-221315_000755.png
1783995349.930,RIGHT,screen_collector/screens/browser/RIGHT/20260713-221315_000756.png
1783995350.002,RIGHT,screen_collector/screens/browser/RIGHT/20260713-221315_000757.png
1783995350.073,RIGHT,screen_collector/screens/browser/RIGHT/20260713-221315_000758.png
1783995350.145,NONE,screen_collector/screens/browser/NONE/20260713-221315_000759.png
1783995350.288,DOWN,screen_collector/screens/browser/DOWN/20260713-221315_000760.png
1783995350.360,DOWN,screen_collector/screens/browser/DOWN/20260713-221315_000761.png
1783995350.431,DOWN,screen_collector/screens/browser/DOWN/20260713-221315_000762.png
1783995350.503,DOWN,screen_collector/screens/browser/DOWN/20260713-221315_000763.png
1783995350.574,DOWN,screen_collector/screens/browser/DOWN/20260713-221315_000764.png
1783995350.646,DOWN,screen_collector/screens/browser/DOWN/20260713-221315_000765.png
1783995350.718,DOWN,screen_collector/screens/browser/DOWN/20260713-221315_000766.png
1783995350.789,DOWN,screen_collector/screens/browser/DOWN/20260713-221315_000767.png
1783995350.933,NONE,screen_collector/screens/browser/NONE/20260713-221315_000768.png
1783995352.343,NONE,screen_collector/screens/browser/NONE/20260713-221315_000769.png
1783995352.833,NONE,screen_collector/screens/browser/NONE/20260713-221315_000770.png
1783995353.109,LEFT,screen_collector/screens/browser/LEFT/20260713-221315_000771.png
1783995353.178,LEFT,screen_collector/screens/browser/LEFT/20260713-221315_000772.png
1783995353.248,LEFT,screen_collector/screens/browser/LEFT/20260713-221315_000773.png
1783995353.328,LEFT,screen_collector/screens/browser/LEFT/20260713-221315_000774.png
1783995353.398,LEFT,screen_collector/screens/browser/LEFT/20260713-221315_000775.png
1783995353.465,LEFT,screen_collector/screens/browser/LEFT/20260713-221315_000776.png
1783995353.533,LEFT,screen_collector/screens/browser/LEFT/20260713-221315_000777.png
1783995353.605,LEFT,screen_collector/screens/browser/LEFT/20260713-221315_000778.png
1783995353.677,LEFT,screen_collector/screens/browser/LEFT/20260713-221315_000779.png
1783995353.748,LEFT,screen_collector/screens/browser/LEFT/20260713-221315_000780.png
1783995353.820,LEFT,screen_collector/screens/browser/LEFT/20260713-221315_000781.png
1783995353.892,LEFT,screen_collector/screens/browser/LEFT/20260713-221315_000782.png
1783995353.963,LEFT,screen_collector/screens/browser/LEFT/20260713-221315_000783.png
1783995354.035,LEFT,screen_collector/screens/browser/LEFT/20260713-221315_000784.png
1783995354.107,NONE,screen_collector/screens/browser/NONE/20260713-221315_000785.png
1783995354.748,NONE,screen_collector/screens/browser/NONE/20260713-221315_000786.png
1783995355.092,NONE,screen_collector/screens/browser/NONE/20260713-221315_000787.png
1783995355.658,NONE,screen_collector/screens/browser/NONE/20260713-221315_000788.png
1783995355.937,RIGHT,screen_collector/screens/browser/RIGHT/20260713-221315_000789.png
1783995356.005,RIGHT,screen_collector/screens/browser/RIGHT/20260713-221315_000790.png
1783995356.075,RIGHT,screen_collector/screens/browser/RIGHT/20260713-221315_000791.png
1783995356.146,RIGHT,screen_collector/screens/browser/RIGHT/20260713-221315_000792.png
1783995356.218,RIGHT,screen_collector/screens/browser/RIGHT/20260713-221315_000793.png
1783995356.288,RIGHT,screen_collector/screens/browser/RIGHT/20260713-221315_000794.png
1783995356.358,RIGHT,screen_collector/screens/browser/RIGHT/20260713-221315_000795.png
1783995356.430,RIGHT,screen_collector/screens/browser/RIGHT/20260713-221315_000796.png
1783995356.645,LEFT,screen_collector/screens/browser/LEFT/20260713-221315_000797.png
1783995356.716,LEFT,screen_collector/screens/browser/LEFT/20260713-221315_000798.png
1783995356.788,LEFT,screen_collector/screens/browser/LEFT/20260713-221315_000799.png
1783995356.860,LEFT,screen_collector/screens/browser/LEFT/20260713-221315_000800.png
1783995356.930,LEFT,screen_collector/screens/browser/LEFT/20260713-221315_000801.png
1783995357.002,LEFT,screen_collector/screens/browser/LEFT/20260713-221315_000802.png
1783995357.071,LEFT,screen_collector/screens/browser/LEFT/20260713-221315_000803.png
1783995357.143,UP,screen_collector/screens/browser/UP/20260713-221315_000804.png
1783995357.214,UP,screen_collector/screens/browser/UP/20260713-221315_000805.png
1783995357.286,UP,screen_collector/screens/browser/UP/20260713-221315_000806.png
1783995357.358,UP,screen_collector/screens/browser/UP/20260713-221315_000807.png
1783995357.430,UP,screen_collector/screens/browser/UP/20260713-221315_000808.png
1783995357.501,UP,screen_collector/screens/browser/UP/20260713-221315_000809.png
1783995357.573,UP,screen_collector/screens/browser/UP/20260713-221315_000810.png
1783995357.788,NONE,screen_collector/screens/browser/NONE/20260713-221315_000811.png
1783995358.286,RIGHT,screen_collector/screens/browser/RIGHT/20260713-221315_000812.png
1783995358.357,RIGHT,screen_collector/screens/browser/RIGHT/20260713-221315_000813.png
1783995358.425,RIGHT,screen_collector/screens/browser/RIGHT/20260713-221315_000814.png
1783995358.496,RIGHT,screen_collector/screens/browser/RIGHT/20260713-221315_000815.png
1783995358.566,RIGHT,screen_collector/screens/browser/RIGHT/20260713-221315_000816.png
1783995358.634,RIGHT,screen_collector/screens/browser/RIGHT/20260713-221315_000817.png
1783995358.704,RIGHT,screen_collector/screens/browser/RIGHT/20260713-221315_000818.png
1783995358.776,RIGHT,screen_collector/screens/browser/RIGHT/20260713-221315_000819.png
1783995358.847,UP,screen_collector/screens/browser/UP/20260713-221315_000820.png
1783995358.919,UP,screen_collector/screens/browser/UP/20260713-221315_000821.png
1783995358.991,UP,screen_collector/screens/browser/UP/20260713-221315_000822.png
1783995359.062,UP,screen_collector/screens/browser/UP/20260713-221315_000823.png
1783995359.134,UP,screen_collector/screens/browser/UP/20260713-221315_000824.png
1783995359.206,UP,screen_collector/screens/browser/UP/20260713-221315_000825.png
1783995359.277,UP,screen_collector/screens/browser/UP/20260713-221315_000826.png
1783995359.349,UP,screen_collector/screens/browser/UP/20260713-221315_000827.png
1783995359.989,RIGHT,screen_collector/screens/browser/RIGHT/20260713-221315_000828.png
1783995360.059,RIGHT,screen_collector/screens/browser/RIGHT/20260713-221315_000829.png
1783995360.130,RIGHT,screen_collector/screens/browser/RIGHT/20260713-221315_000830.png
1783995360.197,RIGHT,screen_collector/screens/browser/RIGHT/20260713-221315_000831.png
1783995360.269,RIGHT,screen_collector/screens/browser/RIGHT/20260713-221315_000832.png
1783995360.340,RIGHT,screen_collector/screens/browser/RIGHT/20260713-221315_000833.png
1783995360.410,RIGHT,screen_collector/screens/browser/RIGHT/20260713-221315_000834.png
1783995360.482,RIGHT,screen_collector/screens/browser/RIGHT/20260713-221315_000835.png
1783995360.912,LEFT,screen_collector/screens/browser/LEFT/20260713-221315_000836.png
1783995360.983,LEFT,screen_collector/screens/browser/LEFT/20260713-221315_000837.png
1783995361.051,LEFT,screen_collector/screens/browser/LEFT/20260713-221315_000838.png
1783995361.125,LEFT,screen_collector/screens/browser/LEFT/20260713-221315_000839.png
1783995361.193,LEFT,screen_collector/screens/browser/LEFT/20260713-221315_000840.png
1783995361.265,LEFT,screen_collector/screens/browser/LEFT/20260713-221315_000841.png
1783995361.332,LEFT,screen_collector/screens/browser/LEFT/20260713-221315_000842.png
1783995361.404,LEFT,screen_collector/screens/browser/LEFT/20260713-221315_000843.png
1783995361.476,RIGHT,screen_collector/screens/browser/RIGHT/20260713-221315_000844.png
1783995361.547,RIGHT,screen_collector/screens/browser/RIGHT/20260713-221315_000845.png
1783995361.619,RIGHT,screen_collector/screens/browser/RIGHT/20260713-221315_000846.png
1783995361.691,RIGHT,screen_collector/screens/browser/RIGHT/20260713-221315_000847.png
1783995361.763,RIGHT,screen_collector/screens/browser/RIGHT/20260713-221315_000848.png
1783995361.834,RIGHT,screen_collector/screens/browser/RIGHT/20260713-221315_000849.png
1783995361.906,RIGHT,screen_collector/screens/browser/RIGHT/20260713-221315_000850.png
1783995361.978,RIGHT,screen_collector/screens/browser/RIGHT/20260713-221315_000851.png
1783995362.408,NONE,screen_collector/screens/browser/NONE/20260713-221315_000852.png
1783995362.479,NONE,screen_collector/screens/browser/NONE/20260713-221315_000853.png
1783995362.689,UP,screen_collector/screens/browser/UP/20260713-221315_000854.png
1783995362.759,UP,screen_collector/screens/browser/UP/20260713-221315_000855.png
1783995362.829,UP,screen_collector/screens/browser/UP/20260713-221315_000856.png
1783995362.900,UP,screen_collector/screens/browser/UP/20260713-221315_000857.png
1783995362.972,UP,screen_collector/screens/browser/UP/20260713-221315_000858.png
1783995363.043,UP,screen_collector/screens/browser/UP/20260713-221315_000859.png
1783995363.112,UP,screen_collector/screens/browser/UP/20260713-221315_000860.png
1783995363.184,UP,screen_collector/screens/browser/UP/20260713-221315_000861.png
1783995363.255,NONE,screen_collector/screens/browser/NONE/20260713-221315_000862.png
1783995363.614,UP,screen_collector/screens/browser/UP/20260713-221315_000863.png
1783995363.685,UP,screen_collector/screens/browser/UP/20260713-221315_000864.png
1783995363.757,UP,screen_collector/screens/browser/UP/20260713-221315_000865.png
1783995363.825,UP,screen_collector/screens/browser/UP/20260713-221315_000866.png
1783995363.893,UP,screen_collector/screens/browser/UP/20260713-221315_000867.png
1783995363.964,UP,screen_collector/screens/browser/UP/20260713-221315_000868.png
1783995364.032,UP,screen_collector/screens/browser/UP/20260713-221315_000869.png
1783995364.104,UP,screen_collector/screens/browser/UP/20260713-221315_000870.png
1783995364.247,NONE,screen_collector/screens/browser/NONE/20260713-221315_000871.png
1783995364.813,NONE,screen_collector/screens/browser/NONE/20260713-221315_000872.png
1783995365.301,NONE,screen_collector/screens/browser/NONE/20260713-221315_000873.png
1783995365.647,NONE,screen_collector/screens/browser/NONE/20260713-221315_000874.png
1783995365.788,NONE,screen_collector/screens/browser/NONE/20260713-221315_000875.png
1783995365.998,NONE,screen_collector/screens/browser/NONE/20260713-221315_000876.png
1783995366.067,NONE,screen_collector/screens/browser/NONE/20260713-221315_000877.png
1783995366.208,NONE,screen_collector/screens/browser/NONE/20260713-221315_000878.png
1783995366.565,NONE,screen_collector/screens/browser/NONE/20260713-221315_000879.png
1783995366.706,NONE,screen_collector/screens/browser/NONE/20260713-221315_000880.png
1783995366.916,NONE,screen_collector/screens/browser/NONE/20260713-221315_000881.png
1783995366.985,UP,screen_collector/screens/browser/UP/20260713-221315_000882.png
1783995367.057,UP,screen_collector/screens/browser/UP/20260713-221315_000883.png
1783995367.126,UP,screen_collector/screens/browser/UP/20260713-221315_000884.png
1783995367.197,UP,screen_collector/screens/browser/UP/20260713-221315_000885.png
1783995367.264,UP,screen_collector/screens/browser/UP/20260713-221315_000886.png
1783995367.332,UP,screen_collector/screens/browser/UP/20260713-221315_000887.png
1783995367.403,UP,screen_collector/screens/browser/UP/20260713-221315_000888.png
1783995367.471,UP,screen_collector/screens/browser/UP/20260713-221315_000889.png
1783995367.543,UP,screen_collector/screens/browser/UP/20260713-221315_000890.png
1783995367.754,LEFT,screen_collector/screens/browser/LEFT/20260713-221315_000891.png
1783995367.826,LEFT,screen_collector/screens/browser/LEFT/20260713-221315_000892.png
1783995367.898,LEFT,screen_collector/screens/browser/LEFT/20260713-221315_000893.png
1783995367.964,LEFT,screen_collector/screens/browser/LEFT/20260713-221315_000894.png
1783995368.036,LEFT,screen_collector/screens/browser/LEFT/20260713-221315_000895.png
1783995368.108,LEFT,screen_collector/screens/browser/LEFT/20260713-221315_000896.png
1783995368.178,LEFT,screen_collector/screens/browser/LEFT/20260713-221315_000897.png
1783995368.250,LEFT,screen_collector/screens/browser/LEFT/20260713-221315_000898.png
1783995368.320,LEFT,screen_collector/screens/browser/LEFT/20260713-221315_000899.png
1783995368.389,NONE,screen_collector/screens/browser/NONE/20260713-221315_000900.png
1783995368.531,LEFT,screen_collector/screens/browser/LEFT/20260713-221315_000901.png
1783995368.603,LEFT,screen_collector/screens/browser/LEFT/20260713-221315_000902.png
1783995368.675,LEFT,screen_collector/screens/browser/LEFT/20260713-221315_000903.png
1783995368.746,LEFT,screen_collector/screens/browser/LEFT/20260713-221315_000904.png
1783995368.818,LEFT,screen_collector/screens/browser/LEFT/20260713-221315_000905.png
1783995368.890,LEFT,screen_collector/screens/browser/LEFT/20260713-221315_000906.png
1783995368.961,LEFT,screen_collector/screens/browser/LEFT/20260713-221315_000907.png
1783995369.033,UP,screen_collector/screens/browser/UP/20260713-221315_000908.png
1783995369.105,UP,screen_collector/screens/browser/UP/20260713-221315_000909.png
1783995369.176,UP,screen_collector/screens/browser/UP/20260713-221315_000910.png
1783995369.248,UP,screen_collector/screens/browser/UP/20260713-221315_000911.png
1783995369.320,UP,screen_collector/screens/browser/UP/20260713-221315_000912.png
1783995369.392,UP,screen_collector/screens/browser/UP/20260713-221315_000913.png
1783995369.463,NONE,screen_collector/screens/browser/NONE/20260713-221315_000914.png
1783995369.607,NONE,screen_collector/screens/browser/NONE/20260713-221315_000915.png
1783995370.108,NONE,screen_collector/screens/browser/NONE/20260713-221315_000916.png
1783995370.177,RIGHT,screen_collector/screens/browser/RIGHT/20260713-221315_000917.png
1783995370.245,RIGHT,screen_collector/screens/browser/RIGHT/20260713-221315_000918.png
1783995370.316,RIGHT,screen_collector/screens/browser/RIGHT/20260713-221315_000919.png
1783995370.388,RIGHT,screen_collector/screens/browser/RIGHT/20260713-221315_000920.png
1783995370.456,RIGHT,screen_collector/screens/browser/RIGHT/20260713-221315_000921.png
1783995370.526,RIGHT,screen_collector/screens/browser/RIGHT/20260713-221315_000922.png
1783995370.598,RIGHT,screen_collector/screens/browser/RIGHT/20260713-221315_000923.png
1783995370.669,RIGHT,screen_collector/screens/browser/RIGHT/20260713-221315_000924.png
1783995370.813,NONE,screen_collector/screens/browser/NONE/20260713-221315_000925.png
1783995371.171,NONE,screen_collector/screens/browser/NONE/20260713-221315_000926.png
1783995371.382,NONE,screen_collector/screens/browser/NONE/20260713-221315_000927.png
1783995372.712,RIGHT,screen_collector/screens/browser/RIGHT/20260713-221315_000928.png
1783995372.784,RIGHT,screen_collector/screens/browser/RIGHT/20260713-221315_000929.png
1783995372.856,RIGHT,screen_collector/screens/browser/RIGHT/20260713-221315_000930.png
1783995372.925,RIGHT,screen_collector/screens/browser/RIGHT/20260713-221315_000931.png
1783995372.997,RIGHT,screen_collector/screens/browser/RIGHT/20260713-221315_000932.png
1783995373.069,RIGHT,screen_collector/screens/browser/RIGHT/20260713-221315_000933.png
1783995373.139,RIGHT,screen_collector/screens/browser/RIGHT/20260713-221315_000934.png
1783995373.211,LEFT,screen_collector/screens/browser/LEFT/20260713-221315_000935.png
1783995373.280,LEFT,screen_collector/screens/browser/LEFT/20260713-221315_000936.png
1783995373.351,LEFT,screen_collector/screens/browser/LEFT/20260713-221315_000937.png
1783995373.423,LEFT,screen_collector/screens/browser/LEFT/20260713-221315_000938.png
1783995373.495,LEFT,screen_collector/screens/browser/LEFT/20260713-221315_000939.png
1783995373.566,LEFT,screen_collector/screens/browser/LEFT/20260713-221315_000940.png
1783995374.276,NONE,screen_collector/screens/browser/NONE/20260713-221315_000941.png
1783995374.347,NONE,screen_collector/screens/browser/NONE/20260713-221315_000942.png
1783995374.419,RIGHT,screen_collector/screens/browser/RIGHT/20260713-221315_000943.png
1783995374.490,RIGHT,screen_collector/screens/browser/RIGHT/20260713-221315_000944.png
1783995374.560,RIGHT,screen_collector/screens/browser/RIGHT/20260713-221315_000945.png
1783995374.627,RIGHT,screen_collector/screens/browser/RIGHT/20260713-221315_000946.png
1783995374.696,RIGHT,screen_collector/screens/browser/RIGHT/20260713-221315_000947.png
1783995374.768,RIGHT,screen_collector/screens/browser/RIGHT/20260713-221315_000948.png
1783995374.839,RIGHT,screen_collector/screens/browser/RIGHT/20260713-221315_000949.png
1783995374.908,RIGHT,screen_collector/screens/browser/RIGHT/20260713-221315_000950.png
1783995374.980,RIGHT,screen_collector/screens/browser/RIGHT/20260713-221315_000951.png
1783995375.403,NONE,screen_collector/screens/browser/NONE/20260713-221315_000952.png
1783995375.618,NONE,screen_collector/screens/browser/NONE/20260713-221315_000953.png
1783995376.673,NONE,screen_collector/screens/browser/NONE/20260713-221315_000954.png
1783995377.089,NONE,screen_collector/screens/browser/NONE/20260713-221315_000955.png
1783995377.721,NONE,screen_collector/screens/browser/NONE/20260713-221315_000956.png
1783995378.072,DOWN,screen_collector/screens/browser/DOWN/20260713-221315_000957.png
1783995378.142,DOWN,screen_collector/screens/browser/DOWN/20260713-221315_000958.png
1783995378.213,DOWN,screen_collector/screens/browser/DOWN/20260713-221315_000959.png
1783995378.284,DOWN,screen_collector/screens/browser/DOWN/20260713-221315_000960.png
1783995378.356,DOWN,screen_collector/screens/browser/DOWN/20260713-221315_000961.png
1783995378.426,DOWN,screen_collector/screens/browser/DOWN/20260713-221315_000962.png
1783995378.495,DOWN,screen_collector/screens/browser/DOWN/20260713-221315_000963.png
1783995378.566,DOWN,screen_collector/screens/browser/DOWN/20260713-221315_000964.png
1783995378.637,DOWN,screen_collector/screens/browser/DOWN/20260713-221315_000965.png
1783995378.709,NONE,screen_collector/screens/browser/NONE/20260713-221315_000966.png
1783995378.924,NONE,screen_collector/screens/browser/NONE/20260713-221315_000967.png
1783995379.067,NONE,screen_collector/screens/browser/NONE/20260713-221315_000968.png
1783995379.564,NONE,screen_collector/screens/browser/NONE/20260713-221315_000969.png
1783995379.705,DOWN,screen_collector/screens/browser/DOWN/20260713-221315_000970.png
1783995379.772,DOWN,screen_collector/screens/browser/DOWN/20260713-221315_000971.png
1783995379.843,DOWN,screen_collector/screens/browser/DOWN/20260713-221315_000972.png
1783995379.911,DOWN,screen_collector/screens/browser/DOWN/20260713-221315_000973.png
1783995379.981,DOWN,screen_collector/screens/browser/DOWN/20260713-221315_000974.png
1783995380.053,DOWN,screen_collector/screens/browser/DOWN/20260713-221315_000975.png
1783995380.122,DOWN,screen_collector/screens/browser/DOWN/20260713-221315_000976.png
1783995380.194,DOWN,screen_collector/screens/browser/DOWN/20260713-221315_000977.png
1783995380.337,NONE,screen_collector/screens/browser/NONE/20260713-221315_000978.png
1783995380.696,NONE,screen_collector/screens/browser/NONE/20260713-221315_000979.png
1783995381.115,NONE,screen_collector/screens/browser/NONE/20260713-221315_000980.png
1783995381.396,NONE,screen_collector/screens/browser/NONE/20260713-221315_000981.png
1783995381.466,NONE,screen_collector/screens/browser/NONE/20260713-221315_000982.png
1783995381.882,NONE,screen_collector/screens/browser/NONE/20260713-221315_000983.png
1783995382.593,NONE,screen_collector/screens/browser/NONE/20260713-221315_000984.png
1783995382.731,NONE,screen_collector/screens/browser/NONE/20260713-221315_000985.png
1783995382.872,NONE,screen_collector/screens/browser/NONE/20260713-221315_000986.png
1783995383.650,NONE,screen_collector/screens/browser/NONE/20260713-221315_000987.png
1783995384.358,LEFT,screen_collector/screens/browser/LEFT/20260713-221315_000988.png
1783995384.430,LEFT,screen_collector/screens/browser/LEFT/20260713-221315_000989.png
1783995384.501,LEFT,screen_collector/screens/browser/LEFT/20260713-221315_000990.png
1783995384.568,LEFT,screen_collector/screens/browser/LEFT/20260713-221315_000991.png
1783995384.638,LEFT,screen_collector/screens/browser/LEFT/20260713-221315_000992.png
1783995384.706,LEFT,screen_collector/screens/browser/LEFT/20260713-221315_000993.png
1783995384.775,LEFT,screen_collector/screens/browser/LEFT/20260713-221315_000994.png
1783995384.846,LEFT,screen_collector/screens/browser/LEFT/20260713-221315_000995.png
1783995384.914,LEFT,screen_collector/screens/browser/LEFT/20260713-221315_000996.png
1783995385.058,NONE,screen_collector/screens/browser/NONE/20260713-221315_000997.png
1783995385.273,NONE,screen_collector/screens/browser/NONE/20260713-221315_000998.png
1783995385.556,NONE,screen_collector/screens/browser/NONE/20260713-221315_000999.png
1783995385.767,NONE,screen_collector/screens/browser/NONE/20260713-221315_001000.png
1783995385.978,NONE,screen_collector/screens/browser/NONE/20260713-221315_001001.png
1783995386.190,NONE,screen_collector/screens/browser/NONE/20260713-221315_001002.png
1783995386.614,LEFT,screen_collector/screens/browser/LEFT/20260713-221315_001003.png
1783995386.685,LEFT,screen_collector/screens/browser/LEFT/20260713-221315_001004.png
1783995386.757,LEFT,screen_collector/screens/browser/LEFT/20260713-221315_001005.png
1783995386.826,LEFT,screen_collector/screens/browser/LEFT/20260713-221315_001006.png
1783995386.895,LEFT,screen_collector/screens/browser/LEFT/20260713-221315_001007.png
1783995386.967,LEFT,screen_collector/screens/browser/LEFT/20260713-221315_001008.png
1783995387.036,LEFT,screen_collector/screens/browser/LEFT/20260713-221315_001009.png
1783995387.107,LEFT,screen_collector/screens/browser/LEFT/20260713-221315_001010.png
1783995387.251,NONE,screen_collector/screens/browser/NONE/20260713-221315_001011.png
1783995387.750,NONE,screen_collector/screens/browser/NONE/20260713-221315_001012.png
1783995388.026,NONE,screen_collector/screens/browser/NONE/20260713-221315_001013.png
1783995388.163,RIGHT,screen_collector/screens/browser/RIGHT/20260713-221315_001014.png
1783995388.235,RIGHT,screen_collector/screens/browser/RIGHT/20260713-221315_001015.png
1783995388.304,RIGHT,screen_collector/screens/browser/RIGHT/20260713-221315_001016.png
1783995388.372,RIGHT,screen_collector/screens/browser/RIGHT/20260713-221315_001017.png
1783995388.442,RIGHT,screen_collector/screens/browser/RIGHT/20260713-221315_001018.png
1783995388.514,RIGHT,screen_collector/screens/browser/RIGHT/20260713-221315_001019.png
1783995388.585,RIGHT,screen_collector/screens/browser/RIGHT/20260713-221315_001020.png
1783995388.656,RIGHT,screen_collector/screens/browser/RIGHT/20260713-221315_001021.png
1783995388.728,RIGHT,screen_collector/screens/browser/RIGHT/20260713-221315_001022.png
1783995388.800,NONE,screen_collector/screens/browser/NONE/20260713-221315_001023.png
1783995389.298,NONE,screen_collector/screens/browser/NONE/20260713-221315_001024.png
1783995389.365,NONE,screen_collector/screens/browser/NONE/20260713-221315_001025.png
1783995390.005,UP,screen_collector/screens/browser/UP/20260713-221315_001026.png
1783995390.074,UP,screen_collector/screens/browser/UP/20260713-221315_001027.png
1783995390.145,UP,screen_collector/screens/browser/UP/20260713-221315_001028.png
1783995390.217,UP,screen_collector/screens/browser/UP/20260713-221315_001029.png
1783995390.288,UP,screen_collector/screens/browser/UP/20260713-221315_001030.png
1783995390.356,UP,screen_collector/screens/browser/UP/20260713-221315_001031.png
1783995390.426,UP,screen_collector/screens/browser/UP/20260713-221315_001032.png
1783995390.497,LEFT,screen_collector/screens/browser/LEFT/20260713-221315_001033.png
1783995390.569,LEFT,screen_collector/screens/browser/LEFT/20260713-221315_001034.png
1783995390.639,LEFT,screen_collector/screens/browser/LEFT/20260713-221315_001035.png
1783995390.711,LEFT,screen_collector/screens/browser/LEFT/20260713-221315_001036.png
1783995390.783,LEFT,screen_collector/screens/browser/LEFT/20260713-221315_001037.png
1783995390.854,LEFT,screen_collector/screens/browser/LEFT/20260713-221315_001038.png
1783995391.213,NONE,screen_collector/screens/browser/NONE/20260713-221315_001039.png
1783995391.563,NONE,screen_collector/screens/browser/NONE/20260713-221315_001040.png
1783995391.982,UP,screen_collector/screens/browser/UP/20260713-221315_001041.png
1783995392.054,UP,screen_collector/screens/browser/UP/20260713-221315_001042.png
1783995392.125,UP,screen_collector/screens/browser/UP/20260713-221315_001043.png
1783995392.196,UP,screen_collector/screens/browser/UP/20260713-221315_001044.png
1783995392.266,UP,screen_collector/screens/browser/UP/20260713-221315_001045.png
1783995392.337,UP,screen_collector/screens/browser/UP/20260713-221315_001046.png
1783995392.407,UP,screen_collector/screens/browser/UP/20260713-221315_001047.png
1783995392.478,UP,screen_collector/screens/browser/UP/20260713-221315_001048.png
1783995392.550,UP,screen_collector/screens/browser/UP/20260713-221315_001049.png
1783995392.621,NONE,screen_collector/screens/browser/NONE/20260713-221315_001050.png
1783995392.836,RIGHT,screen_collector/screens/browser/RIGHT/20260713-221315_001051.png
1783995392.908,RIGHT,screen_collector/screens/browser/RIGHT/20260713-221315_001052.png
1783995392.980,RIGHT,screen_collector/screens/browser/RIGHT/20260713-221315_001053.png
1783995393.051,RIGHT,screen_collector/screens/browser/RIGHT/20260713-221315_001054.png
1783995393.123,RIGHT,screen_collector/screens/browser/RIGHT/20260713-221315_001055.png
1783995393.192,RIGHT,screen_collector/screens/browser/RIGHT/20260713-221315_001056.png
1783995393.262,RIGHT,screen_collector/screens/browser/RIGHT/20260713-221315_001057.png
1783995393.333,RIGHT,screen_collector/screens/browser/RIGHT/20260713-221315_001058.png
1783995393.620,DOWN,screen_collector/screens/browser/DOWN/20260713-221315_001059.png
1783995393.692,DOWN,screen_collector/screens/browser/DOWN/20260713-221315_001060.png
1783995393.763,DOWN,screen_collector/screens/browser/DOWN/20260713-221315_001061.png
1783995393.835,DOWN,screen_collector/screens/browser/DOWN/20260713-221315_001062.png
1783995393.906,DOWN,screen_collector/screens/browser/DOWN/20260713-221315_001063.png
1783995393.977,DOWN,screen_collector/screens/browser/DOWN/20260713-221315_001064.png
1783995394.047,DOWN,screen_collector/screens/browser/DOWN/20260713-221315_001065.png
1783995394.118,DOWN,screen_collector/screens/browser/DOWN/20260713-221315_001066.png
1783995394.333,LEFT,screen_collector/screens/browser/LEFT/20260713-221315_001067.png
1783995394.405,LEFT,screen_collector/screens/browser/LEFT/20260713-221315_001068.png
1783995394.477,LEFT,screen_collector/screens/browser/LEFT/20260713-221315_001069.png
1783995394.548,LEFT,screen_collector/screens/browser/LEFT/20260713-221315_001070.png
1783995394.620,LEFT,screen_collector/screens/browser/LEFT/20260713-221315_001071.png
1783995394.689,LEFT,screen_collector/screens/browser/LEFT/20260713-221315_001072.png
1783995394.759,LEFT,screen_collector/screens/browser/LEFT/20260713-221315_001073.png
1783995394.830,LEFT,screen_collector/screens/browser/LEFT/20260713-221315_001074.png
1783995395.258,DOWN,screen_collector/screens/browser/DOWN/20260713-221315_001075.png
1783995395.330,DOWN,screen_collector/screens/browser/DOWN/20260713-221315_001076.png
1783995395.397,DOWN,screen_collector/screens/browser/DOWN/20260713-221315_001077.png
1783995395.468,DOWN,screen_collector/screens/browser/DOWN/20260713-221315_001078.png
1783995395.540,DOWN,screen_collector/screens/browser/DOWN/20260713-221315_001079.png
1783995395.611,DOWN,screen_collector/screens/browser/DOWN/20260713-221315_001080.png
1783995395.681,DOWN,screen_collector/screens/browser/DOWN/20260713-221315_001081.png
1783995395.753,DOWN,screen_collector/screens/browser/DOWN/20260713-221315_001082.png
1783995395.824,DOWN,screen_collector/screens/browser/DOWN/20260713-221315_001083.png
1783995396.111,RIGHT,screen_collector/screens/browser/RIGHT/20260713-221315_001084.png
1783995396.183,RIGHT,screen_collector/screens/browser/RIGHT/20260713-221315_001085.png
1783995396.254,RIGHT,screen_collector/screens/browser/RIGHT/20260713-221315_001086.png
1783995396.326,RIGHT,screen_collector/screens/browser/RIGHT/20260713-221315_001087.png
1783995396.394,RIGHT,screen_collector/screens/browser/RIGHT/20260713-221315_001088.png
1783995396.464,RIGHT,screen_collector/screens/browser/RIGHT/20260713-221315_001089.png
1783995396.532,RIGHT,screen_collector/screens/browser/RIGHT/20260713-221315_001090.png
1783995396.601,RIGHT,screen_collector/screens/browser/RIGHT/20260713-221315_001091.png
1783995396.672,RIGHT,screen_collector/screens/browser/RIGHT/20260713-221315_001092.png
1783995397.031,NONE,screen_collector/screens/browser/NONE/20260713-221315_001093.png
1783995397.458,NONE,screen_collector/screens/browser/NONE/20260713-221315_001094.png
1783995397.601,NONE,screen_collector/screens/browser/NONE/20260713-221315_001095.png
1783995397.738,LEFT,screen_collector/screens/browser/LEFT/20260713-221315_001096.png
1783995397.808,LEFT,screen_collector/screens/browser/LEFT/20260713-221315_001097.png
1783995397.877,LEFT,screen_collector/screens/browser/LEFT/20260713-221315_001098.png
1783995397.949,LEFT,screen_collector/screens/browser/LEFT/20260713-221315_001099.png
1783995398.016,LEFT,screen_collector/screens/browser/LEFT/20260713-221315_001100.png
1783995398.088,LEFT,screen_collector/screens/browser/LEFT/20260713-221315_001101.png
1783995398.158,LEFT,screen_collector/screens/browser/LEFT/20260713-221315_001102.png
1783995398.230,LEFT,screen_collector/screens/browser/LEFT/20260713-221315_001103.png
1783995398.301,LEFT,screen_collector/screens/browser/LEFT/20260713-221315_001104.png
1783995398.734,NONE,screen_collector/screens/browser/NONE/20260713-221315_001105.png
1783995398.806,NONE,screen_collector/screens/browser/NONE/20260713-221315_001106.png
1783995398.948,NONE,screen_collector/screens/browser/NONE/20260713-221315_001107.png
1783995399.019,NONE,screen_collector/screens/browser/NONE/20260713-221315_001108.png
1783995399.091,RIGHT,screen_collector/screens/browser/RIGHT/20260713-221315_001109.png
1783995399.165,RIGHT,screen_collector/screens/browser/RIGHT/20260713-221315_001110.png
1783995399.237,RIGHT,screen_collector/screens/browser/RIGHT/20260713-221315_001111.png
1783995399.309,RIGHT,screen_collector/screens/browser/RIGHT/20260713-221315_001112.png
1783995399.380,RIGHT,screen_collector/screens/browser/RIGHT/20260713-221315_001113.png
1783995399.451,RIGHT,screen_collector/screens/browser/RIGHT/20260713-221315_001114.png
1783995399.523,RIGHT,screen_collector/screens/browser/RIGHT/20260713-221315_001115.png
1783995399.595,RIGHT,screen_collector/screens/browser/RIGHT/20260713-221315_001116.png
1783995399.738,RIGHT,screen_collector/screens/browser/RIGHT/20260713-221315_001117.png
1783995399.810,RIGHT,screen_collector/screens/browser/RIGHT/20260713-221315_001118.png
1783995399.881,RIGHT,screen_collector/screens/browser/RIGHT/20260713-221315_001119.png
1783995399.952,RIGHT,screen_collector/screens/browser/RIGHT/20260713-221315_001120.png
1783995400.023,RIGHT,screen_collector/screens/browser/RIGHT/20260713-221315_001121.png
1783995400.095,RIGHT,screen_collector/screens/browser/RIGHT/20260713-221315_001122.png
1783995400.165,RIGHT,screen_collector/screens/browser/RIGHT/20260713-221315_001123.png
1783995400.237,RIGHT,screen_collector/screens/browser/RIGHT/20260713-221315_001124.png
1783995400.452,NONE,screen_collector/screens/browser/NONE/20260713-221315_001125.png
1783995400.523,NONE,screen_collector/screens/browser/NONE/20260713-221315_001126.png
1783995400.738,NONE,screen_collector/screens/browser/NONE/20260713-221315_001127.png
1783995400.807,NONE,screen_collector/screens/browser/NONE/20260713-221315_001128.png
1783995401.516,NONE,screen_collector/screens/browser/NONE/20260713-221315_001129.png
1783995401.867,UP,screen_collector/screens/browser/UP/20260713-221315_001130.png
1783995401.936,UP,screen_collector/screens/browser/UP/20260713-221315_001131.png
1783995402.005,UP,screen_collector/screens/browser/UP/20260713-221315_001132.png
1783995402.072,UP,screen_collector/screens/browser/UP/20260713-221315_001133.png
1783995402.140,UP,screen_collector/screens/browser/UP/20260713-221315_001134.png
1783995402.211,UP,screen_collector/screens/browser/UP/20260713-221315_001135.png
1783995402.280,UP,screen_collector/screens/browser/UP/20260713-221315_001136.png
1783995402.352,UP,screen_collector/screens/browser/UP/20260713-221315_001137.png
1783995402.419,UP,screen_collector/screens/browser/UP/20260713-221315_001138.png
1783995402.848,NONE,screen_collector/screens/browser/NONE/20260713-221315_001139.png
1783995403.195,UP,screen_collector/screens/browser/UP/20260713-221315_001140.png
1783995403.262,UP,screen_collector/screens/browser/UP/20260713-221315_001141.png
1783995403.334,UP,screen_collector/screens/browser/UP/20260713-221315_001142.png
1783995403.401,UP,screen_collector/screens/browser/UP/20260713-221315_001143.png
1783995403.472,UP,screen_collector/screens/browser/UP/20260713-221315_001144.png
1783995403.541,UP,screen_collector/screens/browser/UP/20260713-221315_001145.png
1783995403.609,UP,screen_collector/screens/browser/UP/20260713-221315_001146.png
1783995403.681,UP,screen_collector/screens/browser/UP/20260713-221315_001147.png
1783995403.753,UP,screen_collector/screens/browser/UP/20260713-221315_001148.png
1783995403.896,NONE,screen_collector/screens/browser/NONE/20260713-221315_001149.png
1783995404.111,NONE,screen_collector/screens/browser/NONE/20260713-221315_001150.png
1783995404.533,LEFT,screen_collector/screens/browser/LEFT/20260713-221315_001151.png
1783995404.605,LEFT,screen_collector/screens/browser/LEFT/20260713-221315_001152.png
1783995404.675,LEFT,screen_collector/screens/browser/LEFT/20260713-221315_001153.png
1783995404.744,LEFT,screen_collector/screens/browser/LEFT/20260713-221315_001154.png
1783995404.816,LEFT,screen_collector/screens/browser/LEFT/20260713-221315_001155.png
1783995404.882,LEFT,screen_collector/screens/browser/LEFT/20260713-221315_001156.png
1783995404.952,LEFT,screen_collector/screens/browser/LEFT/20260713-221315_001157.png
1783995405.024,LEFT,screen_collector/screens/browser/LEFT/20260713-221315_001158.png
1783995405.096,UP,screen_collector/screens/browser/UP/20260713-221315_001159.png
1783995405.167,UP,screen_collector/screens/browser/UP/20260713-221315_001160.png
1783995405.239,UP,screen_collector/screens/browser/UP/20260713-221315_001161.png
1783995405.307,UP,screen_collector/screens/browser/UP/20260713-221315_001162.png
1783995405.378,UP,screen_collector/screens/browser/UP/20260713-221315_001163.png
1783995405.450,UP,screen_collector/screens/browser/UP/20260713-221315_001164.png
1783995405.522,LEFT,screen_collector/screens/browser/LEFT/20260713-221315_001165.png
1783995405.593,LEFT,screen_collector/screens/browser/LEFT/20260713-221315_001166.png
1783995405.665,LEFT,screen_collector/screens/browser/LEFT/20260713-221315_001167.png
1783995405.737,LEFT,screen_collector/screens/browser/LEFT/20260713-221315_001168.png
1783995405.809,LEFT,screen_collector/screens/browser/LEFT/20260713-221315_001169.png
1783995405.880,LEFT,screen_collector/screens/browser/LEFT/20260713-221315_001170.png
1783995405.952,LEFT,screen_collector/screens/browser/LEFT/20260713-221315_001171.png
1783995406.454,NONE,screen_collector/screens/browser/NONE/20260713-221315_001172.png
1783995406.521,NONE,screen_collector/screens/browser/NONE/20260713-221315_001173.png
1783995406.733,RIGHT,screen_collector/screens/browser/RIGHT/20260713-221315_001174.png
1783995406.802,RIGHT,screen_collector/screens/browser/RIGHT/20260713-221315_001175.png
1783995406.871,RIGHT,screen_collector/screens/browser/RIGHT/20260713-221315_001176.png
1783995406.943,RIGHT,screen_collector/screens/browser/RIGHT/20260713-221315_001177.png
1783995407.014,RIGHT,screen_collector/screens/browser/RIGHT/20260713-221315_001178.png
1783995407.084,RIGHT,screen_collector/screens/browser/RIGHT/20260713-221315_001179.png
1783995407.153,RIGHT,screen_collector/screens/browser/RIGHT/20260713-221315_001180.png
1783995407.225,RIGHT,screen_collector/screens/browser/RIGHT/20260713-221315_001181.png
1783995407.296,NONE,screen_collector/screens/browser/NONE/20260713-221315_001182.png
1783995407.440,NONE,screen_collector/screens/browser/NONE/20260713-221315_001183.png
1783995407.512,NONE,screen_collector/screens/browser/NONE/20260713-221315_001184.png
1783995407.655,RIGHT,screen_collector/screens/browser/RIGHT/20260713-221315_001185.png
1783995407.727,RIGHT,screen_collector/screens/browser/RIGHT/20260713-221315_001186.png
1783995407.798,RIGHT,screen_collector/screens/browser/RIGHT/20260713-221315_001187.png
1783995407.869,RIGHT,screen_collector/screens/browser/RIGHT/20260713-221315_001188.png
1783995407.940,RIGHT,screen_collector/screens/browser/RIGHT/20260713-221315_001189.png
1783995408.012,RIGHT,screen_collector/screens/browser/RIGHT/20260713-221315_001190.png
1783995408.083,RIGHT,screen_collector/screens/browser/RIGHT/20260713-221315_001191.png
1783995408.155,RIGHT,screen_collector/screens/browser/RIGHT/20260713-221315_001192.png
1783995408.585,UP,screen_collector/screens/browser/UP/20260713-221315_001193.png
1783995408.657,UP,screen_collector/screens/browser/UP/20260713-221315_001194.png
1783995408.728,UP,screen_collector/screens/browser/UP/20260713-221315_001195.png
1783995408.800,UP,screen_collector/screens/browser/UP/20260713-221315_001196.png
1783995408.867,UP,screen_collector/screens/browser/UP/20260713-221315_001197.png
1783995408.939,UP,screen_collector/screens/browser/UP/20260713-221315_001198.png
1783995409.010,UP,screen_collector/screens/browser/UP/20260713-221315_001199.png
1783995409.080,UP,screen_collector/screens/browser/UP/20260713-221315_001200.png
1783995409.151,LEFT,screen_collector/screens/browser/LEFT/20260713-221315_001201.png
1783995409.223,LEFT,screen_collector/screens/browser/LEFT/20260713-221315_001202.png
1783995409.295,LEFT,screen_collector/screens/browser/LEFT/20260713-221315_001203.png
1783995409.366,LEFT,screen_collector/screens/browser/LEFT/20260713-221315_001204.png
1783995409.438,LEFT,screen_collector/screens/browser/LEFT/20260713-221315_001205.png
1783995409.510,LEFT,screen_collector/screens/browser/LEFT/20260713-221315_001206.png
1783995409.581,LEFT,screen_collector/screens/browser/LEFT/20260713-221315_001207.png
1783995409.653,LEFT,screen_collector/screens/browser/LEFT/20260713-221315_001208.png
1783995409.725,NONE,screen_collector/screens/browser/NONE/20260713-221315_001209.png
1783995410.083,NONE,screen_collector/screens/browser/NONE/20260713-221315_001210.png
1783995410.155,NONE,screen_collector/screens/browser/NONE/20260713-221315_001211.png
1783995410.226,LEFT,screen_collector/screens/browser/LEFT/20260713-221315_001212.png
1783995410.298,LEFT,screen_collector/screens/browser/LEFT/20260713-221315_001213.png
1783995410.365,LEFT,screen_collector/screens/browser/LEFT/20260713-221315_001214.png
1783995410.432,LEFT,screen_collector/screens/browser/LEFT/20260713-221315_001215.png
1783995410.500,LEFT,screen_collector/screens/browser/LEFT/20260713-221315_001216.png
1783995410.572,LEFT,screen_collector/screens/browser/LEFT/20260713-221315_001217.png
1783995410.644,LEFT,screen_collector/screens/browser/LEFT/20260713-221315_001218.png
1783995410.715,LEFT,screen_collector/screens/browser/LEFT/20260713-221315_001219.png
1783995410.787,LEFT,screen_collector/screens/browser/LEFT/20260713-221315_001220.png
1783995410.930,NONE,screen_collector/screens/browser/NONE/20260713-221315_001221.png
1783995411.288,NONE,screen_collector/screens/browser/NONE/20260713-221315_001222.png
1783995411.849,NONE,screen_collector/screens/browser/NONE/20260713-221315_001223.png
1783995412.127,UP,screen_collector/screens/browser/UP/20260713-221315_001224.png
1783995412.195,UP,screen_collector/screens/browser/UP/20260713-221315_001225.png
1783995412.264,UP,screen_collector/screens/browser/UP/20260713-221315_001226.png
1783995412.335,UP,screen_collector/screens/browser/UP/20260713-221315_001227.png
1783995412.406,UP,screen_collector/screens/browser/UP/20260713-221315_001228.png
1783995412.476,RIGHT,screen_collector/screens/browser/RIGHT/20260713-221315_001229.png
1783995412.544,RIGHT,screen_collector/screens/browser/RIGHT/20260713-221315_001230.png
1783995412.615,RIGHT,screen_collector/screens/browser/RIGHT/20260713-221315_001231.png
1783995412.687,RIGHT,screen_collector/screens/browser/RIGHT/20260713-221315_001232.png
1783995412.759,LEFT,screen_collector/screens/browser/LEFT/20260713-221315_001233.png
1783995412.831,LEFT,screen_collector/screens/browser/LEFT/20260713-221315_001234.png
1783995412.902,LEFT,screen_collector/screens/browser/LEFT/20260713-221315_001235.png
1783995412.974,LEFT,screen_collector/screens/browser/LEFT/20260713-221315_001236.png
1783995413.046,LEFT,screen_collector/screens/browser/LEFT/20260713-221315_001237.png
1783995413.117,LEFT,screen_collector/screens/browser/LEFT/20260713-221315_001238.png
1783995413.189,LEFT,screen_collector/screens/browser/LEFT/20260713-221315_001239.png
1783995413.971,NONE,screen_collector/screens/browser/NONE/20260713-221315_001240.png
1783995414.323,RIGHT,screen_collector/screens/browser/RIGHT/20260713-221315_001241.png
1783995414.393,RIGHT,screen_collector/screens/browser/RIGHT/20260713-221315_001242.png
1783995414.465,RIGHT,screen_collector/screens/browser/RIGHT/20260713-221315_001243.png
1783995414.532,RIGHT,screen_collector/screens/browser/RIGHT/20260713-221315_001244.png
1783995414.603,RIGHT,screen_collector/screens/browser/RIGHT/20260713-221315_001245.png
1783995414.670,RIGHT,screen_collector/screens/browser/RIGHT/20260713-221315_001246.png
1783995414.740,RIGHT,screen_collector/screens/browser/RIGHT/20260713-221315_001247.png
1783995414.811,LEFT,screen_collector/screens/browser/LEFT/20260713-221315_001248.png
1783995414.883,LEFT,screen_collector/screens/browser/LEFT/20260713-221315_001249.png
1783995414.955,LEFT,screen_collector/screens/browser/LEFT/20260713-221315_001250.png
1783995415.026,LEFT,screen_collector/screens/browser/LEFT/20260713-221315_001251.png
1783995415.098,LEFT,screen_collector/screens/browser/LEFT/20260713-221315_001252.png
1783995415.170,LEFT,screen_collector/screens/browser/LEFT/20260713-221315_001253.png
1783995415.241,LEFT,screen_collector/screens/browser/LEFT/20260713-221315_001254.png
1783995415.313,DOWN,screen_collector/screens/browser/DOWN/20260713-221315_001255.png
1783995415.385,DOWN,screen_collector/screens/browser/DOWN/20260713-221315_001256.png
1783995415.456,DOWN,screen_collector/screens/browser/DOWN/20260713-221315_001257.png
1783995415.528,DOWN,screen_collector/screens/browser/DOWN/20260713-221315_001258.png
1783995415.600,DOWN,screen_collector/screens/browser/DOWN/20260713-221315_001259.png
1783995415.672,DOWN,screen_collector/screens/browser/DOWN/20260713-221315_001260.png
1783995415.743,DOWN,screen_collector/screens/browser/DOWN/20260713-221315_001261.png
1783995415.815,DOWN,screen_collector/screens/browser/DOWN/20260713-221315_001262.png
1783995416.459,RIGHT,screen_collector/screens/browser/RIGHT/20260713-221315_001263.png
1783995416.529,RIGHT,screen_collector/screens/browser/RIGHT/20260713-221315_001264.png
1783995416.599,RIGHT,screen_collector/screens/browser/RIGHT/20260713-221315_001265.png
1783995416.665,RIGHT,screen_collector/screens/browser/RIGHT/20260713-221315_001266.png
1783995416.737,RIGHT,screen_collector/screens/browser/RIGHT/20260713-221315_001267.png
1783995416.808,RIGHT,screen_collector/screens/browser/RIGHT/20260713-221315_001268.png
1783995416.878,RIGHT,screen_collector/screens/browser/RIGHT/20260713-221315_001269.png
1783995416.950,UP,screen_collector/screens/browser/UP/20260713-221315_001270.png
1783995417.021,UP,screen_collector/screens/browser/UP/20260713-221315_001271.png
1783995417.093,UP,screen_collector/screens/browser/UP/20260713-221315_001272.png
1783995417.165,UP,screen_collector/screens/browser/UP/20260713-221315_001273.png
1783995417.236,UP,screen_collector/screens/browser/UP/20260713-221315_001274.png
1783995417.308,UP,screen_collector/screens/browser/UP/20260713-221315_001275.png
1783995417.380,RIGHT,screen_collector/screens/browser/RIGHT/20260713-221315_001276.png
1783995417.451,RIGHT,screen_collector/screens/browser/RIGHT/20260713-221315_001277.png
1783995417.523,RIGHT,screen_collector/screens/browser/RIGHT/20260713-221315_001278.png
1783995417.595,RIGHT,screen_collector/screens/browser/RIGHT/20260713-221315_001279.png
1783995417.666,RIGHT,screen_collector/screens/browser/RIGHT/20260713-221315_001280.png
1783995417.738,RIGHT,screen_collector/screens/browser/RIGHT/20260713-221315_001281.png
1783995417.810,RIGHT,screen_collector/screens/browser/RIGHT/20260713-221315_001282.png
1783995417.882,RIGHT,screen_collector/screens/browser/RIGHT/20260713-221315_001283.png
1783995418.025,UP,screen_collector/screens/browser/UP/20260713-221315_001284.png
1783995418.097,UP,screen_collector/screens/browser/UP/20260713-221315_001285.png
1783995418.168,UP,screen_collector/screens/browser/UP/20260713-221315_001286.png
1783995418.240,UP,screen_collector/screens/browser/UP/20260713-221315_001287.png
1783995418.312,UP,screen_collector/screens/browser/UP/20260713-221315_001288.png
1783995418.383,UP,screen_collector/screens/browser/UP/20260713-221315_001289.png
1783995418.455,UP,screen_collector/screens/browser/UP/20260713-221315_001290.png
1783995418.523,UP,screen_collector/screens/browser/UP/20260713-221315_001291.png
1783995418.594,LEFT,screen_collector/screens/browser/LEFT/20260713-221315_001292.png
1783995418.666,LEFT,screen_collector/screens/browser/LEFT/20260713-221315_001293.png
1783995418.738,LEFT,screen_collector/screens/browser/LEFT/20260713-221315_001294.png
1783995418.809,LEFT,screen_collector/screens/browser/LEFT/20260713-221315_001295.png
1783995418.881,LEFT,screen_collector/screens/browser/LEFT/20260713-221315_001296.png
1783995418.953,LEFT,screen_collector/screens/browser/LEFT/20260713-221315_001297.png
1783995419.024,LEFT,screen_collector/screens/browser/LEFT/20260713-221315_001298.png
1783995419.096,LEFT,screen_collector/screens/browser/LEFT/20260713-221315_001299.png
1783995419.168,NONE,screen_collector/screens/browser/NONE/20260713-221315_001300.png
1783995419.383,UP,screen_collector/screens/browser/UP/20260713-221315_001301.png
1783995419.454,UP,screen_collector/screens/browser/UP/20260713-221315_001302.png
1783995419.526,UP,screen_collector/screens/browser/UP/20260713-221315_001303.png
1783995419.598,UP,screen_collector/screens/browser/UP/20260713-221315_001304.png
1783995419.669,UP,screen_collector/screens/browser/UP/20260713-221315_001305.png
1783995419.739,LEFT,screen_collector/screens/browser/LEFT/20260713-221315_001306.png
1783995419.809,LEFT,screen_collector/screens/browser/LEFT/20260713-221315_001307.png
1783995419.881,LEFT,screen_collector/screens/browser/LEFT/20260713-221315_001308.png
1783995419.952,LEFT,screen_collector/screens/browser/LEFT/20260713-221315_001309.png
1783995420.024,LEFT,screen_collector/screens/browser/LEFT/20260713-221315_001310.png
1783995420.167,RIGHT,screen_collector/screens/browser/RIGHT/20260713-221315_001311.png
1783995420.239,RIGHT,screen_collector/screens/browser/RIGHT/20260713-221315_001312.png
1783995420.311,RIGHT,screen_collector/screens/browser/RIGHT/20260713-221315_001313.png
1783995420.382,RIGHT,screen_collector/screens/browser/RIGHT/20260713-221315_001314.png
1783995420.454,RIGHT,screen_collector/screens/browser/RIGHT/20260713-221315_001315.png
1783995420.526,RIGHT,screen_collector/screens/browser/RIGHT/20260713-221315_001316.png
1783995420.597,RIGHT,screen_collector/screens/browser/RIGHT/20260713-221315_001317.png
1783995420.669,RIGHT,screen_collector/screens/browser/RIGHT/20260713-221315_001318.png
1783995420.741,RIGHT,screen_collector/screens/browser/RIGHT/20260713-221315_001319.png
1783995421.313,NONE,screen_collector/screens/browser/NONE/20260713-221315_001320.png
1783995421.803,NONE,screen_collector/screens/browser/NONE/20260713-221315_001321.png
1783995422.153,RIGHT,screen_collector/screens/browser/RIGHT/20260713-221315_001322.png
1783995422.222,RIGHT,screen_collector/screens/browser/RIGHT/20260713-221315_001323.png
1783995422.294,RIGHT,screen_collector/screens/browser/RIGHT/20260713-221315_001324.png
1783995422.361,RIGHT,screen_collector/screens/browser/RIGHT/20260713-221315_001325.png
1783995422.432,RIGHT,screen_collector/screens/browser/RIGHT/20260713-221315_001326.png
1783995422.503,RIGHT,screen_collector/screens/browser/RIGHT/20260713-221315_001327.png
1783995422.572,RIGHT,screen_collector/screens/browser/RIGHT/20260713-221315_001328.png
1783995422.640,RIGHT,screen_collector/screens/browser/RIGHT/20260713-221315_001329.png
1783995422.712,RIGHT,screen_collector/screens/browser/RIGHT/20260713-221315_001330.png
1783995422.927,DOWN,screen_collector/screens/browser/DOWN/20260713-221315_001331.png
1783995422.999,DOWN,screen_collector/screens/browser/DOWN/20260713-221315_001332.png
1783995423.070,DOWN,screen_collector/screens/browser/DOWN/20260713-221315_001333.png
1783995423.142,DOWN,screen_collector/screens/browser/DOWN/20260713-221315_001334.png
1783995423.211,DOWN,screen_collector/screens/browser/DOWN/20260713-221315_001335.png
1783995423.283,DOWN,screen_collector/screens/browser/DOWN/20260713-221315_001336.png
1783995423.353,DOWN,screen_collector/screens/browser/DOWN/20260713-221315_001337.png
1783995423.424,DOWN,screen_collector/screens/browser/DOWN/20260713-221315_001338.png
1783995423.496,DOWN,screen_collector/screens/browser/DOWN/20260713-221315_001339.png
1783995423.568,UP,screen_collector/screens/browser/UP/20260713-221315_001340.png
1783995423.639,UP,screen_collector/screens/browser/UP/20260713-221315_001341.png
1783995423.711,UP,screen_collector/screens/browser/UP/20260713-221315_001342.png
1783995423.783,UP,screen_collector/screens/browser/UP/20260713-221315_001343.png
1783995423.854,UP,screen_collector/screens/browser/UP/20260713-221315_001344.png
1783995423.926,UP,screen_collector/screens/browser/UP/20260713-221315_001345.png
1783995423.998,UP,screen_collector/screens/browser/UP/20260713-221315_001346.png
1783995424.069,UP,screen_collector/screens/browser/UP/20260713-221315_001347.png
1783995424.499,LEFT,screen_collector/screens/browser/LEFT/20260713-221315_001348.png
1783995424.571,LEFT,screen_collector/screens/browser/LEFT/20260713-221315_001349.png
1783995424.641,LEFT,screen_collector/screens/browser/LEFT/20260713-221315_001350.png
1783995424.711,LEFT,screen_collector/screens/browser/LEFT/20260713-221315_001351.png
1783995424.778,LEFT,screen_collector/screens/browser/LEFT/20260713-221315_001352.png
1783995424.848,LEFT,screen_collector/screens/browser/LEFT/20260713-221315_001353.png
1783995424.918,LEFT,screen_collector/screens/browser/LEFT/20260713-221315_001354.png
1783995424.990,LEFT,screen_collector/screens/browser/LEFT/20260713-221315_001355.png
1783995425.059,NONE,screen_collector/screens/browser/NONE/20260713-221315_001356.png
1783995425.488,NONE,screen_collector/screens/browser/NONE/20260713-221315_001357.png
1783995425.908,NONE,screen_collector/screens/browser/NONE/20260713-221315_001358.png
1783995425.979,NONE,screen_collector/screens/browser/NONE/20260713-221315_001359.png
1783995426.331,NONE,screen_collector/screens/browser/NONE/20260713-221315_001360.png
1783995426.544,RIGHT,screen_collector/screens/browser/RIGHT/20260713-221315_001361.png
1783995426.611,RIGHT,screen_collector/screens/browser/RIGHT/20260713-221315_001362.png
1783995426.682,RIGHT,screen_collector/screens/browser/RIGHT/20260713-221315_001363.png
1783995426.752,RIGHT,screen_collector/screens/browser/RIGHT/20260713-221315_001364.png
1783995426.824,RIGHT,screen_collector/screens/browser/RIGHT/20260713-221315_001365.png
1783995426.893,RIGHT,screen_collector/screens/browser/RIGHT/20260713-221315_001366.png
1783995426.963,RIGHT,screen_collector/screens/browser/RIGHT/20260713-221315_001367.png
1783995427.034,RIGHT,screen_collector/screens/browser/RIGHT/20260713-221315_001368.png
1783995427.106,UP,screen_collector/screens/browser/UP/20260713-221315_001369.png
1783995427.177,UP,screen_collector/screens/browser/UP/20260713-221315_001370.png
1783995427.249,UP,screen_collector/screens/browser/UP/20260713-221315_001371.png
1783995427.321,UP,screen_collector/screens/browser/UP/20260713-221315_001372.png
1783995427.393,UP,screen_collector/screens/browser/UP/20260713-221315_001373.png
1783995427.464,UP,screen_collector/screens/browser/UP/20260713-221315_001374.png
1783995427.536,UP,screen_collector/screens/browser/UP/20260713-221315_001375.png
1783995428.033,DOWN,screen_collector/screens/browser/DOWN/20260713-221315_001376.png
1783995428.101,DOWN,screen_collector/screens/browser/DOWN/20260713-221315_001377.png
1783995428.170,DOWN,screen_collector/screens/browser/DOWN/20260713-221315_001378.png
1783995428.240,DOWN,screen_collector/screens/browser/DOWN/20260713-221315_001379.png
1783995428.311,DOWN,screen_collector/screens/browser/DOWN/20260713-221315_001380.png
1783995428.382,DOWN,screen_collector/screens/browser/DOWN/20260713-221315_001381.png
1783995428.453,DOWN,screen_collector/screens/browser/DOWN/20260713-221315_001382.png
1783995428.524,LEFT,screen_collector/screens/browser/LEFT/20260713-221315_001383.png
1783995428.596,LEFT,screen_collector/screens/browser/LEFT/20260713-221315_001384.png
1783995428.668,LEFT,screen_collector/screens/browser/LEFT/20260713-221315_001385.png
1783995428.739,LEFT,screen_collector/screens/browser/LEFT/20260713-221315_001386.png
1783995428.838,LEFT,screen_collector/screens/browser/LEFT/20260713-221315_001387.png
1783995428.908,LEFT,screen_collector/screens/browser/LEFT/20260713-221315_001388.png
1783995428.977,LEFT,screen_collector/screens/browser/LEFT/20260713-221315_001389.png
1783995429.049,LEFT,screen_collector/screens/browser/LEFT/20260713-221315_001390.png
1783995429.120,LEFT,screen_collector/screens/browser/LEFT/20260713-221315_001391.png
1783995429.192,LEFT,screen_collector/screens/browser/LEFT/20260713-221315_001392.png
1783995429.264,LEFT,screen_collector/screens/browser/LEFT/20260713-221315_001393.png
1783995429.835,NONE,screen_collector/screens/browser/NONE/20260713-221315_001394.png
1783995430.324,UP,screen_collector/screens/browser/UP/20260713-221315_001395.png
1783995430.392,UP,screen_collector/screens/browser/UP/20260713-221315_001396.png
1783995430.461,UP,screen_collector/screens/browser/UP/20260713-221315_001397.png
1783995430.533,UP,screen_collector/screens/browser/UP/20260713-221315_001398.png
1783995430.603,UP,screen_collector/screens/browser/UP/20260713-221315_001399.png
1783995430.672,UP,screen_collector/screens/browser/UP/20260713-221315_001400.png
1783995430.742,UP,screen_collector/screens/browser/UP/20260713-221315_001401.png
1783995430.814,UP,screen_collector/screens/browser/UP/20260713-221315_001402.png
1783995430.885,NONE,screen_collector/screens/browser/NONE/20260713-221315_001403.png
1783995431.100,RIGHT,screen_collector/screens/browser/RIGHT/20260713-221315_001404.png
1783995431.172,RIGHT,screen_collector/screens/browser/RIGHT/20260713-221315_001405.png
1783995431.244,RIGHT,screen_collector/screens/browser/RIGHT/20260713-221315_001406.png
1783995431.315,RIGHT,screen_collector/screens/browser/RIGHT/20260713-221315_001407.png
1783995431.387,RIGHT,screen_collector/screens/browser/RIGHT/20260713-221315_001408.png
1783995431.455,RIGHT,screen_collector/screens/browser/RIGHT/20260713-221315_001409.png
1783995431.524,RIGHT,screen_collector/screens/browser/RIGHT/20260713-221315_001410.png
1783995431.596,RIGHT,screen_collector/screens/browser/RIGHT/20260713-221315_001411.png
1783995431.739,UP,screen_collector/screens/browser/UP/20260713-221315_001412.png
1783995431.811,UP,screen_collector/screens/browser/UP/20260713-221315_001413.png
1783995431.883,UP,screen_collector/screens/browser/UP/20260713-221315_001414.png
1783995431.954,UP,screen_collector/screens/browser/UP/20260713-221315_001415.png
1783995432.026,UP,screen_collector/screens/browser/UP/20260713-221315_001416.png
1783995432.098,UP,screen_collector/screens/browser/UP/20260713-221315_001417.png
1783995432.169,UP,screen_collector/screens/browser/UP/20260713-221315_001418.png
1783995432.241,UP,screen_collector/screens/browser/UP/20260713-221315_001419.png
1783995432.946,LEFT,screen_collector/screens/browser/LEFT/20260713-221315_001420.png
1783995433.013,LEFT,screen_collector/screens/browser/LEFT/20260713-221315_001421.png
1783995433.085,LEFT,screen_collector/screens/browser/LEFT/20260713-221315_001422.png
1783995433.156,LEFT,screen_collector/screens/browser/LEFT/20260713-221315_001423.png
1783995433.224,LEFT,screen_collector/screens/browser/LEFT/20260713-221315_001424.png
1783995433.295,LEFT,screen_collector/screens/browser/LEFT/20260713-221315_001425.png
1783995433.364,LEFT,screen_collector/screens/browser/LEFT/20260713-221315_001426.png
1783995433.436,LEFT,screen_collector/screens/browser/LEFT/20260713-221315_001427.png
1783995434.216,NONE,screen_collector/screens/browser/NONE/20260713-221315_001428.png
1783995434.288,NONE,screen_collector/screens/browser/NONE/20260713-221315_001429.png
1783995434.498,UP,screen_collector/screens/browser/UP/20260713-221315_001430.png
1783995434.567,UP,screen_collector/screens/browser/UP/20260713-221315_001431.png
1783995434.636,UP,screen_collector/screens/browser/UP/20260713-221315_001432.png
1783995434.708,UP,screen_collector/screens/browser/UP/20260713-221315_001433.png
1783995434.780,UP,screen_collector/screens/browser/UP/20260713-221315_001434.png
1783995434.850,UP,screen_collector/screens/browser/UP/20260713-221315_001435.png
1783995434.920,UP,screen_collector/screens/browser/UP/20260713-221315_001436.png
1783995434.988,RIGHT,screen_collector/screens/browser/RIGHT/20260713-221315_001437.png
1783995435.060,RIGHT,screen_collector/screens/browser/RIGHT/20260713-221315_001438.png
1783995435.142,RIGHT,screen_collector/screens/browser/RIGHT/20260713-221315_001439.png
1783995435.214,RIGHT,screen_collector/screens/browser/RIGHT/20260713-221315_001440.png
1783995435.285,RIGHT,screen_collector/screens/browser/RIGHT/20260713-221315_001441.png
1783995435.357,RIGHT,screen_collector/screens/browser/RIGHT/20260713-221315_001442.png
1783995435.429,RIGHT,screen_collector/screens/browser/RIGHT/20260713-221315_001443.png
1783995435.500,RIGHT,screen_collector/screens/browser/RIGHT/20260713-221315_001444.png
1783995435.859,NONE,screen_collector/screens/browser/NONE/20260713-221315_001445.png
1783995436.138,LEFT,screen_collector/screens/browser/LEFT/20260713-221315_001446.png
1783995436.209,LEFT,screen_collector/screens/browser/LEFT/20260713-221315_001447.png
1783995436.278,LEFT,screen_collector/screens/browser/LEFT/20260713-221315_001448.png
1783995436.350,LEFT,screen_collector/screens/browser/LEFT/20260713-221315_001449.png
1783995436.421,LEFT,screen_collector/screens/browser/LEFT/20260713-221315_001450.png
1783995436.491,LEFT,screen_collector/screens/browser/LEFT/20260713-221315_001451.png
1783995436.561,LEFT,screen_collector/screens/browser/LEFT/20260713-221315_001452.png
1783995436.633,LEFT,screen_collector/screens/browser/LEFT/20260713-221315_001453.png
1783995436.848,DOWN,screen_collector/screens/browser/DOWN/20260713-221315_001454.png
1783995436.919,DOWN,screen_collector/screens/browser/DOWN/20260713-221315_001455.png
1783995436.991,DOWN,screen_collector/screens/browser/DOWN/20260713-221315_001456.png
1783995437.063,DOWN,screen_collector/screens/browser/DOWN/20260713-221315_001457.png
1783995437.132,DOWN,screen_collector/screens/browser/DOWN/20260713-221315_001458.png
1783995437.200,DOWN,screen_collector/screens/browser/DOWN/20260713-221315_001459.png
1783995437.270,DOWN,screen_collector/screens/browser/DOWN/20260713-221315_001460.png
1783995437.342,DOWN,screen_collector/screens/browser/DOWN/20260713-221315_001461.png
1783995437.414,RIGHT,screen_collector/screens/browser/RIGHT/20260713-221315_001462.png
1783995437.485,RIGHT,screen_collector/screens/browser/RIGHT/20260713-221315_001463.png
1783995437.557,RIGHT,screen_collector/screens/browser/RIGHT/20260713-221315_001464.png
1783995437.629,RIGHT,screen_collector/screens/browser/RIGHT/20260713-221315_001465.png
1783995437.701,RIGHT,screen_collector/screens/browser/RIGHT/20260713-221315_001466.png
1783995437.772,RIGHT,screen_collector/screens/browser/RIGHT/20260713-221315_001467.png
1783995437.839,RIGHT,screen_collector/screens/browser/RIGHT/20260713-221315_001468.png
1783995437.911,RIGHT,screen_collector/screens/browser/RIGHT/20260713-221315_001469.png
1783995438.126,DOWN,screen_collector/screens/browser/DOWN/20260713-221315_001470.png
1783995438.198,DOWN,screen_collector/screens/browser/DOWN/20260713-221315_001471.png
1783995438.265,DOWN,screen_collector/screens/browser/DOWN/20260713-221315_001472.png
1783995438.336,DOWN,screen_collector/screens/browser/DOWN/20260713-221315_001473.png
1783995438.404,DOWN,screen_collector/screens/browser/DOWN/20260713-221315_001474.png
1783995438.476,DOWN,screen_collector/screens/browser/DOWN/20260713-221315_001475.png
1783995438.544,DOWN,screen_collector/screens/browser/DOWN/20260713-221315_001476.png
1783995438.616,DOWN,screen_collector/screens/browser/DOWN/20260713-221315_001477.png
1783995438.688,NONE,screen_collector/screens/browser/NONE/20260713-221315_001478.png
1783995438.760,NONE,screen_collector/screens/browser/NONE/20260713-221315_001479.png
1783995438.903,RIGHT,screen_collector/screens/browser/RIGHT/20260713-221315_001480.png
1783995438.975,RIGHT,screen_collector/screens/browser/RIGHT/20260713-221315_001481.png
1783995439.046,RIGHT,screen_collector/screens/browser/RIGHT/20260713-221315_001482.png
1783995439.118,RIGHT,screen_collector/screens/browser/RIGHT/20260713-221315_001483.png
1783995439.190,RIGHT,screen_collector/screens/browser/RIGHT/20260713-221315_001484.png
1783995439.261,RIGHT,screen_collector/screens/browser/RIGHT/20260713-221315_001485.png
1783995439.333,RIGHT,screen_collector/screens/browser/RIGHT/20260713-221315_001486.png
1783995439.404,RIGHT,screen_collector/screens/browser/RIGHT/20260713-221315_001487.png
1783995439.973,UP,screen_collector/screens/browser/UP/20260713-221315_001488.png
1783995440.045,UP,screen_collector/screens/browser/UP/20260713-221315_001489.png
1783995440.116,UP,screen_collector/screens/browser/UP/20260713-221315_001490.png
1783995440.188,UP,screen_collector/screens/browser/UP/20260713-221315_001491.png
1783995440.259,UP,screen_collector/screens/browser/UP/20260713-221315_001492.png
1783995440.331,LEFT,screen_collector/screens/browser/LEFT/20260713-221315_001493.png
1783995440.398,LEFT,screen_collector/screens/browser/LEFT/20260713-221315_001494.png
1783995440.470,LEFT,screen_collector/screens/browser/LEFT/20260713-221315_001495.png
1783995440.540,LEFT,screen_collector/screens/browser/LEFT/20260713-221315_001496.png
1783995440.611,LEFT,screen_collector/screens/browser/LEFT/20260713-221315_001497.png
1783995440.683,RIGHT,screen_collector/screens/browser/RIGHT/20260713-221315_001498.png
1783995440.751,RIGHT,screen_collector/screens/browser/RIGHT/20260713-221315_001499.png
1783995440.822,RIGHT,screen_collector/screens/browser/RIGHT/20260713-221315_001500.png
1783995440.894,RIGHT,screen_collector/screens/browser/RIGHT/20260713-221315_001501.png
1783995440.966,RIGHT,screen_collector/screens/browser/RIGHT/20260713-221315_001502.png
1783995441.037,RIGHT,screen_collector/screens/browser/RIGHT/20260713-221315_001503.png
1783995441.252,NONE,screen_collector/screens/browser/NONE/20260713-221315_001504.png
1783995441.396,NONE,screen_collector/screens/browser/NONE/20260713-221315_001505.png
1783995441.816,NONE,screen_collector/screens/browser/NONE/20260713-221315_001506.png
1783995442.025,NONE,screen_collector/screens/browser/NONE/20260713-221315_001507.png
1783995442.097,LEFT,screen_collector/screens/browser/LEFT/20260713-221315_001508.png
1783995442.166,LEFT,screen_collector/screens/browser/LEFT/20260713-221315_001509.png
1783995442.235,LEFT,screen_collector/screens/browser/LEFT/20260713-221315_001510.png
1783995442.307,LEFT,screen_collector/screens/browser/LEFT/20260713-221315_001511.png
1783995442.376,LEFT,screen_collector/screens/browser/LEFT/20260713-221315_001512.png
1783995442.447,LEFT,screen_collector/screens/browser/LEFT/20260713-221315_001513.png
1783995442.515,LEFT,screen_collector/screens/browser/LEFT/20260713-221315_001514.png
1783995442.586,LEFT,screen_collector/screens/browser/LEFT/20260713-221315_001515.png
1783995442.658,NONE,screen_collector/screens/browser/NONE/20260713-221315_001516.png
1783995442.801,NONE,screen_collector/screens/browser/NONE/20260713-221315_001517.png
1783995442.873,LEFT,screen_collector/screens/browser/LEFT/20260713-221315_001518.png
1783995442.945,LEFT,screen_collector/screens/browser/LEFT/20260713-221315_001519.png
1783995443.017,LEFT,screen_collector/screens/browser/LEFT/20260713-221315_001520.png
1783995443.088,LEFT,screen_collector/screens/browser/LEFT/20260713-221315_001521.png
1783995443.160,LEFT,screen_collector/screens/browser/LEFT/20260713-221315_001522.png
1783995443.232,LEFT,screen_collector/screens/browser/LEFT/20260713-221315_001523.png
1783995443.303,LEFT,screen_collector/screens/browser/LEFT/20260713-221315_001524.png
1783995443.375,LEFT,screen_collector/screens/browser/LEFT/20260713-221315_001525.png
1783995443.447,LEFT,screen_collector/screens/browser/LEFT/20260713-221315_001526.png
1783995443.805,RIGHT,screen_collector/screens/browser/RIGHT/20260713-221315_001527.png
1783995443.877,RIGHT,screen_collector/screens/browser/RIGHT/20260713-221315_001528.png
1783995443.948,RIGHT,screen_collector/screens/browser/RIGHT/20260713-221315_001529.png
1783995444.018,RIGHT,screen_collector/screens/browser/RIGHT/20260713-221315_001530.png
1783995444.089,RIGHT,screen_collector/screens/browser/RIGHT/20260713-221315_001531.png
1783995444.159,RIGHT,screen_collector/screens/browser/RIGHT/20260713-221315_001532.png
1783995444.229,RIGHT,screen_collector/screens/browser/RIGHT/20260713-221315_001533.png
1783995444.297,RIGHT,screen_collector/screens/browser/RIGHT/20260713-221315_001534.png
1783995444.584,NONE,screen_collector/screens/browser/NONE/20260713-221315_001535.png
1783995445.425,NONE,screen_collector/screens/browser/NONE/20260713-221315_001536.png
1783995445.563,RIGHT,screen_collector/screens/browser/RIGHT/20260713-221315_001537.png
1783995445.632,RIGHT,screen_collector/screens/browser/RIGHT/20260713-221315_001538.png
1783995445.703,RIGHT,screen_collector/screens/browser/RIGHT/20260713-221315_001539.png
1783995445.773,RIGHT,screen_collector/screens/browser/RIGHT/20260713-221315_001540.png
1783995445.842,RIGHT,screen_collector/screens/browser/RIGHT/20260713-221315_001541.png
1783995445.914,RIGHT,screen_collector/screens/browser/RIGHT/20260713-221315_001542.png
1783995445.984,RIGHT,screen_collector/screens/browser/RIGHT/20260713-221315_001543.png
1783995446.056,RIGHT,screen_collector/screens/browser/RIGHT/20260713-221315_001544.png
1783995446.195,NONE,screen_collector/screens/browser/NONE/20260713-221315_001545.png
1783995447.324,NONE,screen_collector/screens/browser/NONE/20260713-221315_001546.png
1783995447.533,UP,screen_collector/screens/browser/UP/20260713-221315_001547.png
1783995447.604,UP,screen_collector/screens/browser/UP/20260713-221315_001548.png
1783995447.672,UP,screen_collector/screens/browser/UP/20260713-221315_001549.png
1783995447.741,UP,screen_collector/screens/browser/UP/20260713-221315_001550.png
1783995447.813,UP,screen_collector/screens/browser/UP/20260713-221315_001551.png
1783995447.879,UP,screen_collector/screens/browser/UP/20260713-221315_001552.png
1783995447.950,UP,screen_collector/screens/browser/UP/20260713-221315_001553.png
1783995448.021,UP,screen_collector/screens/browser/UP/20260713-221315_001554.png
1783995448.093,UP,screen_collector/screens/browser/UP/20260713-221315_001555.png
1783995448.308,NONE,screen_collector/screens/browser/NONE/20260713-221315_001556.png
1783995448.946,NONE,screen_collector/screens/browser/NONE/20260713-221315_001557.png
1783995449.229,NONE,screen_collector/screens/browser/NONE/20260713-221315_001558.png
1783995449.297,DOWN,screen_collector/screens/browser/DOWN/20260713-221315_001559.png
1783995449.366,DOWN,screen_collector/screens/browser/DOWN/20260713-221315_001560.png
1783995449.437,DOWN,screen_collector/screens/browser/DOWN/20260713-221315_001561.png
1783995449.508,DOWN,screen_collector/screens/browser/DOWN/20260713-221315_001562.png
1783995449.580,DOWN,screen_collector/screens/browser/DOWN/20260713-221315_001563.png
1783995449.649,DOWN,screen_collector/screens/browser/DOWN/20260713-221315_001564.png
1783995449.720,DOWN,screen_collector/screens/browser/DOWN/20260713-221315_001565.png
1783995449.792,DOWN,screen_collector/screens/browser/DOWN/20260713-221315_001566.png
1783995449.859,UP,screen_collector/screens/browser/UP/20260713-221315_001567.png
1783995449.931,UP,screen_collector/screens/browser/UP/20260713-221315_001568.png
1783995450.002,UP,screen_collector/screens/browser/UP/20260713-221315_001569.png
1783995450.074,UP,screen_collector/screens/browser/UP/20260713-221315_001570.png
1783995450.144,UP,screen_collector/screens/browser/UP/20260713-221315_001571.png
1783995450.215,UP,screen_collector/screens/browser/UP/20260713-221315_001572.png
1783995450.287,UP,screen_collector/screens/browser/UP/20260713-221315_001573.png
1783995450.359,UP,screen_collector/screens/browser/UP/20260713-221315_001574.png
1783995450.861,LEFT,screen_collector/screens/browser/LEFT/20260713-221315_001575.png
1783995450.929,LEFT,screen_collector/screens/browser/LEFT/20260713-221315_001576.png
1783995451.000,LEFT,screen_collector/screens/browser/LEFT/20260713-221315_001577.png
1783995451.072,LEFT,screen_collector/screens/browser/LEFT/20260713-221315_001578.png
1783995451.141,LEFT,screen_collector/screens/browser/LEFT/20260713-221315_001579.png
1783995451.213,LEFT,screen_collector/screens/browser/LEFT/20260713-221315_001580.png
1783995451.283,LEFT,screen_collector/screens/browser/LEFT/20260713-221315_001581.png
1783995451.386,LEFT,screen_collector/screens/browser/LEFT/20260713-221315_001582.png
1783995451.454,LEFT,screen_collector/screens/browser/LEFT/20260713-221315_001583.png
1783995451.669,NONE,screen_collector/screens/browser/NONE/20260713-221315_001584.png
1783995451.740,NONE,screen_collector/screens/browser/NONE/20260713-221315_001585.png
1783995451.812,NONE,screen_collector/screens/browser/NONE/20260713-221315_001586.png
1783995452.239,NONE,screen_collector/screens/browser/NONE/20260713-221315_001587.png
1783995452.661,NONE,screen_collector/screens/browser/NONE/20260713-221315_001588.png
1783995452.805,RIGHT,screen_collector/screens/browser/RIGHT/20260713-221315_001589.png
1783995452.873,RIGHT,screen_collector/screens/browser/RIGHT/20260713-221315_001590.png
1783995452.944,RIGHT,screen_collector/screens/browser/RIGHT/20260713-221315_001591.png
1783995453.011,RIGHT,screen_collector/screens/browser/RIGHT/20260713-221315_001592.png
1783995453.083,RIGHT,screen_collector/screens/browser/RIGHT/20260713-221315_001593.png
1783995453.152,RIGHT,screen_collector/screens/browser/RIGHT/20260713-221315_001594.png
1783995453.222,RIGHT,screen_collector/screens/browser/RIGHT/20260713-221315_001595.png
1783995453.294,RIGHT,screen_collector/screens/browser/RIGHT/20260713-221315_001596.png
1783995453.364,UP,screen_collector/screens/browser/UP/20260713-221315_001597.png
1783995453.436,UP,screen_collector/screens/browser/UP/20260713-221315_001598.png
1783995453.508,UP,screen_collector/screens/browser/UP/20260713-221315_001599.png
1783995453.578,UP,screen_collector/screens/browser/UP/20260713-221315_001600.png
1783995453.650,UP,screen_collector/screens/browser/UP/20260713-221315_001601.png
1783995453.722,UP,screen_collector/screens/browser/UP/20260713-221315_001602.png
1783995453.793,UP,screen_collector/screens/browser/UP/20260713-221315_001603.png
1783995453.865,UP,screen_collector/screens/browser/UP/20260713-221315_001604.png
1783995454.367,DOWN,screen_collector/screens/browser/DOWN/20260713-221315_001605.png
1783995454.436,DOWN,screen_collector/screens/browser/DOWN/20260713-221315_001606.png
1783995454.506,DOWN,screen_collector/screens/browser/DOWN/20260713-221315_001607.png
1783995454.578,DOWN,screen_collector/screens/browser/DOWN/20260713-221315_001608.png
1783995454.645,DOWN,screen_collector/screens/browser/DOWN/20260713-221315_001609.png
1783995454.712,DOWN,screen_collector/screens/browser/DOWN/20260713-221315_001610.png
1783995454.783,LEFT,screen_collector/screens/browser/LEFT/20260713-221315_001611.png
1783995454.854,LEFT,screen_collector/screens/browser/LEFT/20260713-221315_001612.png
1783995454.926,LEFT,screen_collector/screens/browser/LEFT/20260713-221315_001613.png
1783995454.998,LEFT,screen_collector/screens/browser/LEFT/20260713-221315_001614.png
1783995455.069,LEFT,screen_collector/screens/browser/LEFT/20260713-221315_001615.png
1783995455.141,LEFT,screen_collector/screens/browser/LEFT/20260713-221315_001616.png
1783995455.428,NONE,screen_collector/screens/browser/NONE/20260713-221315_001617.png
1783995456.760,NONE,screen_collector/screens/browser/NONE/20260713-221315_001618.png
1783995457.535,NONE,screen_collector/screens/browser/NONE/20260713-221315_001619.png
1783995457.816,NONE,screen_collector/screens/browser/NONE/20260713-221315_001620.png
1783995457.953,NONE,screen_collector/screens/browser/NONE/20260713-221315_001621.png
1783995458.651,NONE,screen_collector/screens/browser/NONE/20260713-221315_001622.png
1783995458.723,NONE,screen_collector/screens/browser/NONE/20260713-221315_001623.png
1783995458.866,NONE,screen_collector/screens/browser/NONE/20260713-221315_001624.png
1783995459.361,NONE,screen_collector/screens/browser/NONE/20260713-221315_001625.png
1783995459.571,NONE,screen_collector/screens/browser/NONE/20260713-221315_001626.png
1783995459.915,NONE,screen_collector/screens/browser/NONE/20260713-221315_001627.png
1783995460.057,NONE,screen_collector/screens/browser/NONE/20260713-221315_001628.png
1783995460.358,NONE,screen_collector/screens/browser/NONE/20260713-221315_001629.png
1783995460.427,LEFT,screen_collector/screens/browser/LEFT/20260713-221315_001630.png
1783995460.499,LEFT,screen_collector/screens/browser/LEFT/20260713-221315_001631.png
1783995460.569,LEFT,screen_collector/screens/browser/LEFT/20260713-221315_001632.png
1783995460.640,LEFT,screen_collector/screens/browser/LEFT/20260713-221315_001633.png
1783995460.708,LEFT,screen_collector/screens/browser/LEFT/20260713-221315_001634.png
1783995460.777,LEFT,screen_collector/screens/browser/LEFT/20260713-221315_001635.png
1783995460.849,LEFT,screen_collector/screens/browser/LEFT/20260713-221315_001636.png
1783995460.921,LEFT,screen_collector/screens/browser/LEFT/20260713-221315_001637.png
1783995460.993,LEFT,screen_collector/screens/browser/LEFT/20260713-221315_001638.png
1783995461.064,LEFT,screen_collector/screens/browser/LEFT/20260713-221315_001639.png
1783995461.136,LEFT,screen_collector/screens/browser/LEFT/20260713-221315_001640.png
1783995461.205,LEFT,screen_collector/screens/browser/LEFT/20260713-221315_001641.png
1783995461.277,LEFT,screen_collector/screens/browser/LEFT/20260713-221315_001642.png
1783995461.348,LEFT,screen_collector/screens/browser/LEFT/20260713-221315_001643.png
1783995461.419,LEFT,screen_collector/screens/browser/LEFT/20260713-221315_001644.png
1783995461.491,LEFT,screen_collector/screens/browser/LEFT/20260713-221315_001645.png
1783995461.562,LEFT,screen_collector/screens/browser/LEFT/20260713-221315_001646.png
1783995461.629,NONE,screen_collector/screens/browser/NONE/20260713-221315_001647.png
1783995461.773,NONE,screen_collector/screens/browser/NONE/20260713-221315_001648.png
1783995461.844,NONE,screen_collector/screens/browser/NONE/20260713-221315_001649.png
1783995461.916,NONE,screen_collector/screens/browser/NONE/20260713-221315_001650.png
1783995461.988,RIGHT,screen_collector/screens/browser/RIGHT/20260713-221315_001651.png
1783995462.059,RIGHT,screen_collector/screens/browser/RIGHT/20260713-221315_001652.png
1783995462.131,RIGHT,screen_collector/screens/browser/RIGHT/20260713-221315_001653.png
1783995462.202,RIGHT,screen_collector/screens/browser/RIGHT/20260713-221315_001654.png
1783995462.274,RIGHT,screen_collector/screens/browser/RIGHT/20260713-221315_001655.png
1783995462.346,RIGHT,screen_collector/screens/browser/RIGHT/20260713-221315_001656.png
1783995462.418,RIGHT,screen_collector/screens/browser/RIGHT/20260713-221315_001657.png
1783995462.489,RIGHT,screen_collector/screens/browser/RIGHT/20260713-221315_001658.png
1783995462.561,RIGHT,screen_collector/screens/browser/RIGHT/20260713-221315_001659.png
1783995462.991,NONE,screen_collector/screens/browser/NONE/20260713-221315_001660.png
1783995463.698,NONE,screen_collector/screens/browser/NONE/20260713-221315_001661.png
1783995463.769,NONE,screen_collector/screens/browser/NONE/20260713-221315_001662.png
1783995464.116,RIGHT,screen_collector/screens/browser/RIGHT/20260713-221315_001663.png
1783995464.188,RIGHT,screen_collector/screens/browser/RIGHT/20260713-221315_001664.png
1783995464.259,RIGHT,screen_collector/screens/browser/RIGHT/20260713-221315_001665.png
1783995464.331,RIGHT,screen_collector/screens/browser/RIGHT/20260713-221315_001666.png
1783995464.403,RIGHT,screen_collector/screens/browser/RIGHT/20260713-221315_001667.png
1783995464.472,RIGHT,screen_collector/screens/browser/RIGHT/20260713-221315_001668.png
1783995464.542,RIGHT,screen_collector/screens/browser/RIGHT/20260713-221315_001669.png
1783995464.613,UP,screen_collector/screens/browser/UP/20260713-221315_001670.png
1783995464.685,UP,screen_collector/screens/browser/UP/20260713-221315_001671.png
1783995464.755,UP,screen_collector/screens/browser/UP/20260713-221315_001672.png
1783995464.827,UP,screen_collector/screens/browser/UP/20260713-221315_001673.png
1783995464.899,UP,screen_collector/screens/browser/UP/20260713-221315_001674.png
1783995464.970,UP,screen_collector/screens/browser/UP/20260713-221315_001675.png
1783995465.257,NONE,screen_collector/screens/browser/NONE/20260713-221315_001676.png
1783995465.543,DOWN,screen_collector/screens/browser/DOWN/20260713-221315_001677.png
1783995465.614,DOWN,screen_collector/screens/browser/DOWN/20260713-221315_001678.png
1783995465.684,DOWN,screen_collector/screens/browser/DOWN/20260713-221315_001679.png
1783995465.756,DOWN,screen_collector/screens/browser/DOWN/20260713-221315_001680.png
1783995465.827,DOWN,screen_collector/screens/browser/DOWN/20260713-221315_001681.png
1783995465.898,DOWN,screen_collector/screens/browser/DOWN/20260713-221315_001682.png
1783995465.966,DOWN,screen_collector/screens/browser/DOWN/20260713-221315_001683.png
1783995466.038,LEFT,screen_collector/screens/browser/LEFT/20260713-221315_001684.png
1783995466.110,LEFT,screen_collector/screens/browser/LEFT/20260713-221315_001685.png
1783995466.182,LEFT,screen_collector/screens/browser/LEFT/20260713-221315_001686.png
1783995466.253,LEFT,screen_collector/screens/browser/LEFT/20260713-221315_001687.png
1783995466.325,LEFT,screen_collector/screens/browser/LEFT/20260713-221315_001688.png
1783995466.397,DOWN,screen_collector/screens/browser/DOWN/20260713-221315_001689.png
1783995466.468,DOWN,screen_collector/screens/browser/DOWN/20260713-221315_001690.png
1783995466.540,DOWN,screen_collector/screens/browser/DOWN/20260713-221315_001691.png
1783995466.612,DOWN,screen_collector/screens/browser/DOWN/20260713-221315_001692.png
1783995466.683,DOWN,screen_collector/screens/browser/DOWN/20260713-221315_001693.png
1783995466.755,DOWN,screen_collector/screens/browser/DOWN/20260713-221315_001694.png
1783995466.827,DOWN,screen_collector/screens/browser/DOWN/20260713-221315_001695.png
1783995466.898,LEFT,screen_collector/screens/browser/LEFT/20260713-221315_001696.png
1783995466.970,LEFT,screen_collector/screens/browser/LEFT/20260713-221315_001697.png
1783995467.040,LEFT,screen_collector/screens/browser/LEFT/20260713-221315_001698.png
1783995467.111,LEFT,screen_collector/screens/browser/LEFT/20260713-221315_001699.png
1783995467.183,LEFT,screen_collector/screens/browser/LEFT/20260713-221315_001700.png
1783995467.255,LEFT,screen_collector/screens/browser/LEFT/20260713-221315_001701.png
1783995467.398,NONE,screen_collector/screens/browser/NONE/20260713-221315_001702.png
1783995467.542,NONE,screen_collector/screens/browser/NONE/20260713-221315_001703.png
1783995467.760,NONE,screen_collector/screens/browser/NONE/20260713-221315_001704.png
1783995467.829,RIGHT,screen_collector/screens/browser/RIGHT/20260713-221315_001705.png
1783995467.901,RIGHT,screen_collector/screens/browser/RIGHT/20260713-221315_001706.png
1783995467.972,RIGHT,screen_collector/screens/browser/RIGHT/20260713-221315_001707.png
1783995468.044,RIGHT,screen_collector/screens/browser/RIGHT/20260713-221315_001708.png
1783995468.112,RIGHT,screen_collector/screens/browser/RIGHT/20260713-221315_001709.png
1783995468.179,RIGHT,screen_collector/screens/browser/RIGHT/20260713-221315_001710.png
1783995468.251,RIGHT,screen_collector/screens/browser/RIGHT/20260713-221315_001711.png
1783995468.323,LEFT,screen_collector/screens/browser/LEFT/20260713-221315_001712.png
1783995468.394,LEFT,screen_collector/screens/browser/LEFT/20260713-221315_001713.png
1783995468.466,LEFT,screen_collector/screens/browser/LEFT/20260713-221315_001714.png
1783995468.538,LEFT,screen_collector/screens/browser/LEFT/20260713-221315_001715.png
1783995468.608,LEFT,screen_collector/screens/browser/LEFT/20260713-221315_001716.png
1783995468.680,LEFT,screen_collector/screens/browser/LEFT/20260713-221315_001717.png
1783995468.751,RIGHT,screen_collector/screens/browser/RIGHT/20260713-221315_001718.png
1783995468.823,RIGHT,screen_collector/screens/browser/RIGHT/20260713-221315_001719.png
1783995468.895,RIGHT,screen_collector/screens/browser/RIGHT/20260713-221315_001720.png
1783995468.966,RIGHT,screen_collector/screens/browser/RIGHT/20260713-221315_001721.png
1783995469.038,RIGHT,screen_collector/screens/browser/RIGHT/20260713-221315_001722.png
1783995469.110,RIGHT,screen_collector/screens/browser/RIGHT/20260713-221315_001723.png
1783995469.181,LEFT,screen_collector/screens/browser/LEFT/20260713-221315_001724.png
1783995469.253,LEFT,screen_collector/screens/browser/LEFT/20260713-221315_001725.png
1783995469.325,LEFT,screen_collector/screens/browser/LEFT/20260713-221315_001726.png
1783995469.396,LEFT,screen_collector/screens/browser/LEFT/20260713-221315_001727.png
1783995469.468,LEFT,screen_collector/screens/browser/LEFT/20260713-221315_001728.png
1783995469.540,LEFT,screen_collector/screens/browser/LEFT/20260713-221315_001729.png
1783995469.612,RIGHT,screen_collector/screens/browser/RIGHT/20260713-221315_001730.png
1783995469.683,RIGHT,screen_collector/screens/browser/RIGHT/20260713-221315_001731.png
1783995469.755,RIGHT,screen_collector/screens/browser/RIGHT/20260713-221315_001732.png
1783995469.827,RIGHT,screen_collector/screens/browser/RIGHT/20260713-221315_001733.png
1783995469.898,RIGHT,screen_collector/screens/browser/RIGHT/20260713-221315_001734.png
1783995469.970,LEFT,screen_collector/screens/browser/LEFT/20260713-221315_001735.png
1783995470.042,LEFT,screen_collector/screens/browser/LEFT/20260713-221315_001736.png
1783995470.113,LEFT,screen_collector/screens/browser/LEFT/20260713-221315_001737.png
1783995470.185,LEFT,screen_collector/screens/browser/LEFT/20260713-221315_001738.png
1783995470.257,LEFT,screen_collector/screens/browser/LEFT/20260713-221315_001739.png
1783995470.328,LEFT,screen_collector/screens/browser/LEFT/20260713-221315_001740.png
1783995470.400,RIGHT,screen_collector/screens/browser/RIGHT/20260713-221315_001741.png
1783995470.472,RIGHT,screen_collector/screens/browser/RIGHT/20260713-221315_001742.png
1783995470.543,RIGHT,screen_collector/screens/browser/RIGHT/20260713-221315_001743.png
1783995470.615,RIGHT,screen_collector/screens/browser/RIGHT/20260713-221315_001744.png
1783995470.687,RIGHT,screen_collector/screens/browser/RIGHT/20260713-221315_001745.png
1783995470.758,RIGHT,screen_collector/screens/browser/RIGHT/20260713-221315_001746.png
1783995470.830,RIGHT,screen_collector/screens/browser/RIGHT/20260713-221315_001747.png
1783995470.902,RIGHT,screen_collector/screens/browser/RIGHT/20260713-221315_001748.png
1783995470.973,RIGHT,screen_collector/screens/browser/RIGHT/20260713-221315_001749.png
1783995471.045,RIGHT,screen_collector/screens/browser/RIGHT/20260713-221315_001750.png
1783995471.117,RIGHT,screen_collector/screens/browser/RIGHT/20260713-221315_001751.png
1783995471.188,LEFT,screen_collector/screens/browser/LEFT/20260713-221315_001752.png
1783995471.260,LEFT,screen_collector/screens/browser/LEFT/20260713-221315_001753.png
1783995471.332,LEFT,screen_collector/screens/browser/LEFT/20260713-221315_001754.png
1783995471.404,LEFT,screen_collector/screens/browser/LEFT/20260713-221315_001755.png
1783995471.475,LEFT,screen_collector/screens/browser/LEFT/20260713-221315_001756.png
1783995471.547,LEFT,screen_collector/screens/browser/LEFT/20260713-221315_001757.png
1783995471.619,LEFT,screen_collector/screens/browser/LEFT/20260713-221315_001758.png
1783995471.690,RIGHT,screen_collector/screens/browser/RIGHT/20260713-221315_001759.png
1783995471.762,RIGHT,screen_collector/screens/browser/RIGHT/20260713-221315_001760.png
1783995471.834,RIGHT,screen_collector/screens/browser/RIGHT/20260713-221315_001761.png
1783995471.905,RIGHT,screen_collector/screens/browser/RIGHT/20260713-221315_001762.png
1783995471.977,RIGHT,screen_collector/screens/browser/RIGHT/20260713-221315_001763.png
1783995472.049,RIGHT,screen_collector/screens/browser/RIGHT/20260713-221315_001764.png
1783995472.120,RIGHT,screen_collector/screens/browser/RIGHT/20260713-221315_001765.png
1783995472.901,NONE,screen_collector/screens/browser/NONE/20260713-221315_001766.png
1783995473.538,NONE,screen_collector/screens/browser/NONE/20260713-221315_001767.png
1783995473.879,LEFT,screen_collector/screens/browser/LEFT/20260713-221315_001768.png
1783995473.949,LEFT,screen_collector/screens/browser/LEFT/20260713-221315_001769.png
1783995474.021,LEFT,screen_collector/screens/browser/LEFT/20260713-221315_001770.png
1783995474.091,LEFT,screen_collector/screens/browser/LEFT/20260713-221315_001771.png
1783995474.162,LEFT,screen_collector/screens/browser/LEFT/20260713-221315_001772.png
1783995474.230,LEFT,screen_collector/screens/browser/LEFT/20260713-221315_001773.png
1783995474.299,LEFT,screen_collector/screens/browser/LEFT/20260713-221315_001774.png
1783995474.371,LEFT,screen_collector/screens/browser/LEFT/20260713-221315_001775.png
1783995474.514,NONE,screen_collector/screens/browser/NONE/20260713-221315_001776.png
1783995474.586,DOWN,screen_collector/screens/browser/DOWN/20260713-221315_001777.png
1783995474.657,DOWN,screen_collector/screens/browser/DOWN/20260713-221315_001778.png
1783995474.729,DOWN,screen_collector/screens/browser/DOWN/20260713-221315_001779.png
1783995474.801,DOWN,screen_collector/screens/browser/DOWN/20260713-221315_001780.png
1783995474.872,DOWN,screen_collector/screens/browser/DOWN/20260713-221315_001781.png
1783995474.944,DOWN,screen_collector/screens/browser/DOWN/20260713-221315_001782.png
1783995475.016,DOWN,screen_collector/screens/browser/DOWN/20260713-221315_001783.png
1783995475.087,DOWN,screen_collector/screens/browser/DOWN/20260713-221315_001784.png
1783995475.589,NONE,screen_collector/screens/browser/NONE/20260713-221315_001785.png
1783995475.872,DOWN,screen_collector/screens/browser/DOWN/20260713-221315_001786.png
1783995475.944,DOWN,screen_collector/screens/browser/DOWN/20260713-221315_001787.png
1783995476.013,DOWN,screen_collector/screens/browser/DOWN/20260713-221315_001788.png
1783995476.085,DOWN,screen_collector/screens/browser/DOWN/20260713-221315_001789.png
1783995476.155,DOWN,screen_collector/screens/browser/DOWN/20260713-221315_001790.png
1783995476.225,DOWN,screen_collector/screens/browser/DOWN/20260713-221315_001791.png
1783995476.295,DOWN,screen_collector/screens/browser/DOWN/20260713-221315_001792.png
1783995476.367,DOWN,screen_collector/screens/browser/DOWN/20260713-221315_001793.png
1783995476.439,RIGHT,screen_collector/screens/browser/RIGHT/20260713-221315_001794.png
1783995476.510,RIGHT,screen_collector/screens/browser/RIGHT/20260713-221315_001795.png
1783995476.582,RIGHT,screen_collector/screens/browser/RIGHT/20260713-221315_001796.png
1783995476.654,RIGHT,screen_collector/screens/browser/RIGHT/20260713-221315_001797.png
1783995476.725,RIGHT,screen_collector/screens/browser/RIGHT/20260713-221315_001798.png
1783995476.797,RIGHT,screen_collector/screens/browser/RIGHT/20260713-221315_001799.png
1783995476.869,RIGHT,screen_collector/screens/browser/RIGHT/20260713-221315_001800.png
1783995476.940,DOWN,screen_collector/screens/browser/DOWN/20260713-221315_001801.png
1783995477.009,DOWN,screen_collector/screens/browser/DOWN/20260713-221315_001802.png
1783995477.080,DOWN,screen_collector/screens/browser/DOWN/20260713-221315_001803.png
1783995477.152,DOWN,screen_collector/screens/browser/DOWN/20260713-221315_001804.png
1783995477.224,DOWN,screen_collector/screens/browser/DOWN/20260713-221315_001805.png
1783995477.296,DOWN,screen_collector/screens/browser/DOWN/20260713-221315_001806.png
1783995477.365,DOWN,screen_collector/screens/browser/DOWN/20260713-221315_001807.png
1783995477.437,LEFT,screen_collector/screens/browser/LEFT/20260713-221315_001808.png
1783995477.509,LEFT,screen_collector/screens/browser/LEFT/20260713-221315_001809.png
1783995477.581,LEFT,screen_collector/screens/browser/LEFT/20260713-221315_001810.png
1783995477.652,LEFT,screen_collector/screens/browser/LEFT/20260713-221315_001811.png
1783995477.722,LEFT,screen_collector/screens/browser/LEFT/20260713-221315_001812.png
1783995477.794,RIGHT,screen_collector/screens/browser/RIGHT/20260713-221315_001813.png
1783995477.865,RIGHT,screen_collector/screens/browser/RIGHT/20260713-221315_001814.png
1783995477.937,RIGHT,screen_collector/screens/browser/RIGHT/20260713-221315_001815.png
1783995478.009,RIGHT,screen_collector/screens/browser/RIGHT/20260713-221315_001816.png
1783995478.080,RIGHT,screen_collector/screens/browser/RIGHT/20260713-221315_001817.png
1783995478.152,RIGHT,screen_collector/screens/browser/RIGHT/20260713-221315_001818.png
1783995478.224,UP,screen_collector/screens/browser/UP/20260713-221315_001819.png
1783995478.296,UP,screen_collector/screens/browser/UP/20260713-221315_001820.png
1783995478.367,UP,screen_collector/screens/browser/UP/20260713-221315_001821.png
1783995478.439,UP,screen_collector/screens/browser/UP/20260713-221315_001822.png
1783995478.511,UP,screen_collector/screens/browser/UP/20260713-221315_001823.png
1783995478.582,UP,screen_collector/screens/browser/UP/20260713-221315_001824.png
1783995478.654,UP,screen_collector/screens/browser/UP/20260713-221315_001825.png
1783995478.726,UP,screen_collector/screens/browser/UP/20260713-221315_001826.png
1783995478.941,NONE,screen_collector/screens/browser/NONE/20260713-221315_001827.png
1783995479.439,NONE,screen_collector/screens/browser/NONE/20260713-221315_001828.png
1783995479.581,NONE,screen_collector/screens/browser/NONE/20260713-221315_001829.png
1783995479.649,DOWN,screen_collector/screens/browser/DOWN/20260713-221315_001830.png
1783995479.721,DOWN,screen_collector/screens/browser/DOWN/20260713-221315_001831.png
1783995479.790,DOWN,screen_collector/screens/browser/DOWN/20260713-221315_001832.png
1783995479.860,DOWN,screen_collector/screens/browser/DOWN/20260713-221315_001833.png
1783995479.931,DOWN,screen_collector/screens/browser/DOWN/20260713-221315_001834.png
1783995480.001,DOWN,screen_collector/screens/browser/DOWN/20260713-221315_001835.png
1783995480.072,DOWN,screen_collector/screens/browser/DOWN/20260713-221315_001836.png
1783995480.144,DOWN,screen_collector/screens/browser/DOWN/20260713-221315_001837.png
1783995480.286,LEFT,screen_collector/screens/browser/LEFT/20260713-221315_001838.png
1783995480.355,LEFT,screen_collector/screens/browser/LEFT/20260713-221315_001839.png
1783995480.427,LEFT,screen_collector/screens/browser/LEFT/20260713-221315_001840.png
1783995480.498,LEFT,screen_collector/screens/browser/LEFT/20260713-221315_001841.png
1783995480.570,LEFT,screen_collector/screens/browser/LEFT/20260713-221315_001842.png
1783995480.640,LEFT,screen_collector/screens/browser/LEFT/20260713-221315_001843.png
1783995480.712,LEFT,screen_collector/screens/browser/LEFT/20260713-221315_001844.png
1783995480.783,LEFT,screen_collector/screens/browser/LEFT/20260713-221315_001845.png
1783995480.855,LEFT,screen_collector/screens/browser/LEFT/20260713-221315_001846.png
1783995480.999,NONE,screen_collector/screens/browser/NONE/20260713-221315_001847.png
1783995481.429,NONE,screen_collector/screens/browser/NONE/20260713-221315_001848.png
1783995482.477,RIGHT,screen_collector/screens/browser/RIGHT/20260713-221315_001849.png
1783995482.546,RIGHT,screen_collector/screens/browser/RIGHT/20260713-221315_001850.png
1783995482.618,RIGHT,screen_collector/screens/browser/RIGHT/20260713-221315_001851.png
1783995482.689,RIGHT,screen_collector/screens/browser/RIGHT/20260713-221315_001852.png
1783995482.758,RIGHT,screen_collector/screens/browser/RIGHT/20260713-221315_001853.png
1783995482.825,RIGHT,screen_collector/screens/browser/RIGHT/20260713-221315_001854.png
1783995482.895,RIGHT,screen_collector/screens/browser/RIGHT/20260713-221315_001855.png
1783995482.966,RIGHT,screen_collector/screens/browser/RIGHT/20260713-221315_001856.png
1783995483.038,RIGHT,screen_collector/screens/browser/RIGHT/20260713-221315_001857.png
1783995483.110,NONE,screen_collector/screens/browser/NONE/20260713-221315_001858.png
1783995483.181,LEFT,screen_collector/screens/browser/LEFT/20260713-221315_001859.png
1783995483.253,LEFT,screen_collector/screens/browser/LEFT/20260713-221315_001860.png
1783995483.325,LEFT,screen_collector/screens/browser/LEFT/20260713-221315_001861.png
1783995483.396,LEFT,screen_collector/screens/browser/LEFT/20260713-221315_001862.png
1783995483.468,LEFT,screen_collector/screens/browser/LEFT/20260713-221315_001863.png
1783995483.540,LEFT,screen_collector/screens/browser/LEFT/20260713-221315_001864.png
1783995483.611,LEFT,screen_collector/screens/browser/LEFT/20260713-221315_001865.png
1783995483.683,LEFT,screen_collector/screens/browser/LEFT/20260713-221315_001866.png
1783995483.754,UP,screen_collector/screens/browser/UP/20260713-221315_001867.png
1783995483.826,UP,screen_collector/screens/browser/UP/20260713-221315_001868.png
1783995483.897,UP,screen_collector/screens/browser/UP/20260713-221315_001869.png
1783995483.969,UP,screen_collector/screens/browser/UP/20260713-221315_001870.png
1783995484.041,UP,screen_collector/screens/browser/UP/20260713-221315_001871.png
1783995484.112,UP,screen_collector/screens/browser/UP/20260713-221315_001872.png
1783995484.184,UP,screen_collector/screens/browser/UP/20260713-221315_001873.png
1783995484.540,RIGHT,screen_collector/screens/browser/RIGHT/20260713-221315_001874.png
1783995484.612,RIGHT,screen_collector/screens/browser/RIGHT/20260713-221315_001875.png
1783995484.682,RIGHT,screen_collector/screens/browser/RIGHT/20260713-221315_001876.png
1783995484.754,RIGHT,screen_collector/screens/browser/RIGHT/20260713-221315_001877.png
1783995484.825,RIGHT,screen_collector/screens/browser/RIGHT/20260713-221315_001878.png
1783995484.897,RIGHT,screen_collector/screens/browser/RIGHT/20260713-221315_001879.png
1783995484.965,RIGHT,screen_collector/screens/browser/RIGHT/20260713-221315_001880.png
1783995485.037,RIGHT,screen_collector/screens/browser/RIGHT/20260713-221315_001881.png
1783995485.107,UP,screen_collector/screens/browser/UP/20260713-221315_001882.png
1783995485.178,UP,screen_collector/screens/browser/UP/20260713-221315_001883.png
1783995485.250,UP,screen_collector/screens/browser/UP/20260713-221315_001884.png
1783995485.322,UP,screen_collector/screens/browser/UP/20260713-221315_001885.png
1783995485.393,UP,screen_collector/screens/browser/UP/20260713-221315_001886.png
1783995485.465,UP,screen_collector/screens/browser/UP/20260713-221315_001887.png
1783995485.537,UP,screen_collector/screens/browser/UP/20260713-221315_001888.png
1783995485.608,UP,screen_collector/screens/browser/UP/20260713-221315_001889.png
1783995485.680,UP,screen_collector/screens/browser/UP/20260713-221315_001890.png
1783995485.752,UP,screen_collector/screens/browser/UP/20260713-221315_001891.png
1783995485.824,UP,screen_collector/screens/browser/UP/20260713-221315_001892.png
1783995485.895,UP,screen_collector/screens/browser/UP/20260713-221315_001893.png
1783995485.967,UP,screen_collector/screens/browser/UP/20260713-221315_001894.png
1783995486.039,UP,screen_collector/screens/browser/UP/20260713-221315_001895.png
1783995486.110,UP,screen_collector/screens/browser/UP/20260713-221315_001896.png
1783995486.182,UP,screen_collector/screens/browser/UP/20260713-221315_001897.png
1783995486.254,UP,screen_collector/screens/browser/UP/20260713-221315_001898.png
1783995486.325,UP,screen_collector/screens/browser/UP/20260713-221315_001899.png
1783995486.945,NONE,screen_collector/screens/browser/NONE/20260713-221315_001900.png
1783995487.159,NONE,screen_collector/screens/browser/NONE/20260713-221315_001901.png
1783995488.000,NONE,screen_collector/screens/browser/NONE/20260713-221315_001902.png
1783995489.260,NONE,screen_collector/screens/browser/NONE/20260713-221315_001903.png
1783995489.539,LEFT,screen_collector/screens/browser/LEFT/20260713-221315_001904.png
1783995489.607,LEFT,screen_collector/screens/browser/LEFT/20260713-221315_001905.png
1783995489.677,LEFT,screen_collector/screens/browser/LEFT/20260713-221315_001906.png
1783995489.749,LEFT,screen_collector/screens/browser/LEFT/20260713-221315_001907.png
1783995489.821,LEFT,screen_collector/screens/browser/LEFT/20260713-221315_001908.png
1783995489.890,LEFT,screen_collector/screens/browser/LEFT/20260713-221315_001909.png
1783995489.960,LEFT,screen_collector/screens/browser/LEFT/20260713-221315_001910.png
1783995490.032,LEFT,screen_collector/screens/browser/LEFT/20260713-221315_001911.png
1783995490.104,LEFT,screen_collector/screens/browser/LEFT/20260713-221315_001912.png
1783995490.534,NONE,screen_collector/screens/browser/NONE/20260713-221315_001913.png
1783995490.677,LEFT,screen_collector/screens/browser/LEFT/20260713-221315_001914.png
1783995490.749,LEFT,screen_collector/screens/browser/LEFT/20260713-221315_001915.png
1783995490.820,LEFT,screen_collector/screens/browser/LEFT/20260713-221315_001916.png
1783995490.892,LEFT,screen_collector/screens/browser/LEFT/20260713-221315_001917.png
1783995490.961,LEFT,screen_collector/screens/browser/LEFT/20260713-221315_001918.png
1783995491.033,LEFT,screen_collector/screens/browser/LEFT/20260713-221315_001919.png
1783995491.102,LEFT,screen_collector/screens/browser/LEFT/20260713-221315_001920.png
1783995491.171,LEFT,screen_collector/screens/browser/LEFT/20260713-221315_001921.png
1783995491.243,NONE,screen_collector/screens/browser/NONE/20260713-221315_001922.png
1783995492.088,NONE,screen_collector/screens/browser/NONE/20260713-221315_001923.png
1783995492.226,NONE,screen_collector/screens/browser/NONE/20260713-221315_001924.png
1783995492.434,NONE,screen_collector/screens/browser/NONE/20260713-221315_001925.png
1783995492.643,NONE,screen_collector/screens/browser/NONE/20260713-221315_001926.png
1783995492.915,RIGHT,screen_collector/screens/browser/RIGHT/20260713-221315_001927.png
1783995492.987,RIGHT,screen_collector/screens/browser/RIGHT/20260713-221315_001928.png
1783995493.057,RIGHT,screen_collector/screens/browser/RIGHT/20260713-221315_001929.png
1783995493.128,RIGHT,screen_collector/screens/browser/RIGHT/20260713-221315_001930.png
1783995493.195,RIGHT,screen_collector/screens/browser/RIGHT/20260713-221315_001931.png
1783995493.264,UP,screen_collector/screens/browser/UP/20260713-221315_001932.png
1783995493.333,UP,screen_collector/screens/browser/UP/20260713-221315_001933.png
1783995493.405,UP,screen_collector/screens/browser/UP/20260713-221315_001934.png
1783995493.473,UP,screen_collector/screens/browser/UP/20260713-221315_001935.png
1783995493.544,UP,screen_collector/screens/browser/UP/20260713-221315_001936.png
1783995493.616,UP,screen_collector/screens/browser/UP/20260713-221315_001937.png
1783995493.903,NONE,screen_collector/screens/browser/NONE/20260713-221315_001938.png
1783995493.975,UP,screen_collector/screens/browser/UP/20260713-221315_001939.png
1783995494.046,UP,screen_collector/screens/browser/UP/20260713-221315_001940.png
1783995494.118,UP,screen_collector/screens/browser/UP/20260713-221315_001941.png
1783995494.190,UP,screen_collector/screens/browser/UP/20260713-221315_001942.png
1783995494.259,UP,screen_collector/screens/browser/UP/20260713-221315_001943.png
1783995494.329,UP,screen_collector/screens/browser/UP/20260713-221315_001944.png
1783995494.400,UP,screen_collector/screens/browser/UP/20260713-221315_001945.png
1783995494.471,UP,screen_collector/screens/browser/UP/20260713-221315_001946.png
1783995494.538,UP,screen_collector/screens/browser/UP/20260713-221315_001947.png
1783995494.610,UP,screen_collector/screens/browser/UP/20260713-221315_001948.png
1783995494.682,UP,screen_collector/screens/browser/UP/20260713-221315_001949.png
1783995494.753,UP,screen_collector/screens/browser/UP/20260713-221315_001950.png
1783995494.821,UP,screen_collector/screens/browser/UP/20260713-221315_001951.png
1783995494.893,UP,screen_collector/screens/browser/UP/20260713-221315_001952.png
1783995494.965,UP,screen_collector/screens/browser/UP/20260713-221315_001953.png
1783995495.036,UP,screen_collector/screens/browser/UP/20260713-221315_001954.png
1783995495.108,NONE,screen_collector/screens/browser/NONE/20260713-221315_001955.png
1783995495.467,NONE,screen_collector/screens/browser/NONE/20260713-221315_001956.png
1783995495.751,NONE,screen_collector/screens/browser/NONE/20260713-221315_001957.png
1783995495.818,NONE,screen_collector/screens/browser/NONE/20260713-221315_001958.png
1783995497.019,NONE,screen_collector/screens/browser/NONE/20260713-221315_001959.png
1783995497.721,NONE,screen_collector/screens/browser/NONE/20260713-221315_001960.png
1783995498.272,NONE,screen_collector/screens/browser/NONE/20260713-221315_001961.png
1783995498.834,NONE,screen_collector/screens/browser/NONE/20260713-221315_001962.png
1783995499.041,NONE,screen_collector/screens/browser/NONE/20260713-221315_001963.png
1783995499.325,NONE,screen_collector/screens/browser/NONE/20260713-221315_001964.png
1783995499.538,NONE,screen_collector/screens/browser/NONE/20260713-221315_001965.png
1783995500.441,NONE,screen_collector/screens/browser/NONE/20260713-221315_001966.png
1783995500.513,NONE,screen_collector/screens/browser/NONE/20260713-221315_001967.png
1783995501.500,NONE,screen_collector/screens/browser/NONE/20260713-221315_001968.png
1783995502.404,NONE,screen_collector/screens/browser/NONE/20260713-221315_001969.png
1783995502.758,RIGHT,screen_collector/screens/browser/RIGHT/20260713-221315_001970.png
1783995502.828,RIGHT,screen_collector/screens/browser/RIGHT/20260713-221315_001971.png
1783995502.900,RIGHT,screen_collector/screens/browser/RIGHT/20260713-221315_001972.png
1783995502.971,RIGHT,screen_collector/screens/browser/RIGHT/20260713-221315_001973.png
1783995503.043,RIGHT,screen_collector/screens/browser/RIGHT/20260713-221315_001974.png
1783995503.112,RIGHT,screen_collector/screens/browser/RIGHT/20260713-221315_001975.png
1783995503.182,RIGHT,screen_collector/screens/browser/RIGHT/20260713-221315_001976.png
1783995503.254,RIGHT,screen_collector/screens/browser/RIGHT/20260713-221315_001977.png
1783995503.326,RIGHT,screen_collector/screens/browser/RIGHT/20260713-221315_001978.png
1783995503.397,RIGHT,screen_collector/screens/browser/RIGHT/20260713-221315_001979.png
1783995503.469,RIGHT,screen_collector/screens/browser/RIGHT/20260713-221315_001980.png
1783995503.541,RIGHT,screen_collector/screens/browser/RIGHT/20260713-221315_001981.png
1783995503.612,RIGHT,screen_collector/screens/browser/RIGHT/20260713-221315_001982.png
1783995503.684,RIGHT,screen_collector/screens/browser/RIGHT/20260713-221315_001983.png
1783995503.756,RIGHT,screen_collector/screens/browser/RIGHT/20260713-221315_001984.png
1783995503.827,RIGHT,screen_collector/screens/browser/RIGHT/20260713-221315_001985.png
1783995504.329,NONE,screen_collector/screens/browser/NONE/20260713-221315_001986.png
1783995504.815,LEFT,screen_collector/screens/browser/LEFT/20260713-221315_001987.png
1783995504.884,LEFT,screen_collector/screens/browser/LEFT/20260713-221315_001988.png
1783995504.955,LEFT,screen_collector/screens/browser/LEFT/20260713-221315_001989.png
1783995505.026,LEFT,screen_collector/screens/browser/LEFT/20260713-221315_001990.png
1783995505.097,LEFT,screen_collector/screens/browser/LEFT/20260713-221315_001991.png
1783995505.165,LEFT,screen_collector/screens/browser/LEFT/20260713-221315_001992.png
1783995505.232,LEFT,screen_collector/screens/browser/LEFT/20260713-221315_001993.png
1783995505.302,LEFT,screen_collector/screens/browser/LEFT/20260713-221315_001994.png
1783995505.403,NONE,screen_collector/screens/browser/NONE/20260713-221315_001995.png
1783995505.825,NONE,screen_collector/screens/browser/NONE/20260713-221315_001996.png
1783995506.247,NONE,screen_collector/screens/browser/NONE/20260713-221315_001997.png
1783995507.645,NONE,screen_collector/screens/browser/NONE/20260713-221315_001998.png
1783995508.134,NONE,screen_collector/screens/browser/NONE/20260713-221315_001999.png
1783995510.574,NONE,screen_collector/screens/browser/NONE/20260713-221315_002000.png
1783995510.779,NONE,screen_collector/screens/browser/NONE/20260713-221315_002001.png
1783995511.479,NONE,screen_collector/screens/browser/NONE/20260713-221315_002002.png
1783995512.669,NONE,screen_collector/screens/browser/NONE/20260713-221315_002003.png
1783995512.811,NONE,screen_collector/screens/browser/NONE/20260713-221315_002004.png
1783995513.168,NONE,screen_collector/screens/browser/NONE/20260713-221315_002005.png
1783995513.452,NONE,screen_collector/screens/browser/NONE/20260713-221315_002006.png
1783995514.222,NONE,screen_collector/screens/browser/NONE/20260713-221315_002007.png
1783995514.501,NONE,screen_collector/screens/browser/NONE/20260713-221315_002008.png
1783995515.198,NONE,screen_collector/screens/browser/NONE/20260713-221315_002009.png
1783995515.404,NONE,screen_collector/screens/browser/NONE/20260713-221315_002010.png
1783995515.544,NONE,screen_collector/screens/browser/NONE/20260713-221315_002011.png
1783995516.593,NONE,screen_collector/screens/browser/NONE/20260713-221315_002012.png
1783995516.664,NONE,screen_collector/screens/browser/NONE/20260713-221315_002013.png
1783995516.806,NONE,screen_collector/screens/browser/NONE/20260713-221315_002014.png
1783995516.878,NONE,screen_collector/screens/browser/NONE/20260713-221315_002015.png
1783995517.155,NONE,screen_collector/screens/browser/NONE/20260713-221315_002016.png
1783995517.435,NONE,screen_collector/screens/browser/NONE/20260713-221315_002017.png
1783995517.576,NONE,screen_collector/screens/browser/NONE/20260713-221315_002018.png
1783995518.069,NONE,screen_collector/screens/browser/NONE/20260713-221315_002019.png
1783995518.283,NONE,screen_collector/screens/browser/NONE/20260713-221315_002020.png
1783995519.972,NONE,screen_collector/screens/browser/NONE/20260713-221315_002021.png
1783995520.182,NONE,screen_collector/screens/browser/NONE/20260713-221315_002022.png
1783995520.466,NONE,screen_collector/screens/browser/NONE/20260713-221315_002023.png
1783995521.379,NONE,screen_collector/screens/browser/NONE/20260713-221315_002024.png
1783995521.585,NONE,screen_collector/screens/browser/NONE/20260713-221315_002025.png
1783995522.417,NONE,screen_collector/screens/browser/NONE/20260713-221315_002026.png
1783995523.256,NONE,screen_collector/screens/browser/NONE/20260713-221315_002027.png
1783995523.323,NONE,screen_collector/screens/browser/NONE/20260713-221315_002028.png
1783995524.787,NONE,screen_collector/screens/browser/NONE/20260713-221315_002029.png
1783995524.858,NONE,screen_collector/screens/browser/NONE/20260713-221315_002030.png
1783995525.357,NONE,screen_collector/screens/browser/NONE/20260713-221315_002031.png
1783995526.338,NONE,screen_collector/screens/browser/NONE/20260713-221315_002032.png
1783995526.689,NONE,screen_collector/screens/browser/NONE/20260713-221315_002033.png
1783995526.758,NONE,screen_collector/screens/browser/NONE/20260713-221315_002034.png
1783995526.830,NONE,screen_collector/screens/browser/NONE/20260713-221315_002035.png
1783995527.320,NONE,screen_collector/screens/browser/NONE/20260713-221315_002036.png
1783995528.660,NONE,screen_collector/screens/browser/NONE/20260713-221315_002037.png
1783995528.731,NONE,screen_collector/screens/browser/NONE/20260713-221315_002038.png
1783995529.075,NONE,screen_collector/screens/browser/NONE/20260713-221315_002039.png
1783995529.844,NONE,screen_collector/screens/browser/NONE/20260713-221315_002040.png
1783995530.199,NONE,screen_collector/screens/browser/NONE/20260713-221315_002041.png
1783995530.834,NONE,screen_collector/screens/browser/NONE/20260713-221315_002042.png
1783995532.230,NONE,screen_collector/screens/browser/NONE/20260713-221315_002043.png
1783995533.210,NONE,screen_collector/screens/browser/NONE/20260713-221315_002044.png
1783995534.747,NONE,screen_collector/screens/browser/NONE/20260713-221315_002045.png
1783995535.517,NONE,screen_collector/screens/browser/NONE/20260713-221315_002046.png
1783995535.663,NONE,screen_collector/screens/browser/NONE/20260713-221315_002047.png
1783995536.434,NONE,screen_collector/screens/browser/NONE/20260713-221315_002048.png
1783995536.572,NONE,screen_collector/screens/browser/NONE/20260713-221315_002049.png
1783995536.713,NONE,screen_collector/screens/browser/NONE/20260713-221315_002050.png
1783995536.995,NONE,screen_collector/screens/browser/NONE/20260713-221315_002051.png
1783995537.208,NONE,screen_collector/screens/browser/NONE/20260713-221315_002052.png
1783995537.555,NONE,screen_collector/screens/browser/NONE/20260713-221315_002053.png
1783995538.198,NONE,screen_collector/screens/browser/NONE/20260713-221315_002054.png
1783995538.552,NONE,screen_collector/screens/browser/NONE/20260713-221315_002055.png
1783995538.971,NONE,screen_collector/screens/browser/NONE/20260713-221315_002056.png
1783995539.111,NONE,screen_collector/screens/browser/NONE/20260713-221315_002057.png
1783995539.455,NONE,screen_collector/screens/browser/NONE/20260713-221315_002058.png
1783995540.166,NONE,screen_collector/screens/browser/NONE/20260713-221315_002059.png
1783995540.237,NONE,screen_collector/screens/browser/NONE/20260713-221315_002060.png
1783995540.372,NONE,screen_collector/screens/browser/NONE/20260713-221315_002061.png
1783995540.511,NONE,screen_collector/screens/browser/NONE/20260713-221315_002062.png
1783995540.719,NONE,screen_collector/screens/browser/NONE/20260713-221315_002063.png
1783995541.070,NONE,screen_collector/screens/browser/NONE/20260713-221315_002064.png
1783995542.050,NONE,screen_collector/screens/browser/NONE/20260713-221315_002065.png
1783995542.192,NONE,screen_collector/screens/browser/NONE/20260713-221315_002066.png
1783995542.263,NONE,screen_collector/screens/browser/NONE/20260713-221315_002067.png
1783995542.331,NONE,screen_collector/screens/browser/NONE/20260713-221315_002068.png
1783995542.613,NONE,screen_collector/screens/browser/NONE/20260713-221315_002069.png
1783995542.893,NONE,screen_collector/screens/browser/NONE/20260713-221315_002070.png
1783995543.033,NONE,screen_collector/screens/browser/NONE/20260713-221315_002071.png
1783995543.874,NONE,screen_collector/screens/browser/NONE/20260713-221315_002072.png
1783995544.223,NONE,screen_collector/screens/browser/NONE/20260713-221315_002073.png
1783995544.503,NONE,screen_collector/screens/browser/NONE/20260713-221315_002074.png
1783995544.781,NONE,screen_collector/screens/browser/NONE/20260713-221315_002075.png
1783995544.851,NONE,screen_collector/screens/browser/NONE/20260713-221315_002076.png
1783995545.483,NONE,screen_collector/screens/browser/NONE/20260713-221315_002077.png
1783995545.834,RIGHT,screen_collector/screens/browser/RIGHT/20260713-221315_002078.png
1783995545.901,RIGHT,screen_collector/screens/browser/RIGHT/20260713-221315_002079.png
1783995545.973,RIGHT,screen_collector/screens/browser/RIGHT/20260713-221315_002080.png
1783995546.043,RIGHT,screen_collector/screens/browser/RIGHT/20260713-221315_002081.png
1783995546.112,RIGHT,screen_collector/screens/browser/RIGHT/20260713-221315_002082.png
1783995546.180,RIGHT,screen_collector/screens/browser/RIGHT/20260713-221315_002083.png
1783995546.250,RIGHT,screen_collector/screens/browser/RIGHT/20260713-221315_002084.png
1783995546.322,RIGHT,screen_collector/screens/browser/RIGHT/20260713-221315_002085.png
1783995546.393,DOWN,screen_collector/screens/browser/DOWN/20260713-221315_002086.png
1783995546.461,DOWN,screen_collector/screens/browser/DOWN/20260713-221315_002087.png
1783995546.533,DOWN,screen_collector/screens/browser/DOWN/20260713-221315_002088.png
1783995546.605,DOWN,screen_collector/screens/browser/DOWN/20260713-221315_002089.png
1783995546.672,DOWN,screen_collector/screens/browser/DOWN/20260713-221315_002090.png
1783995546.744,DOWN,screen_collector/screens/browser/DOWN/20260713-221315_002091.png
1783995546.813,DOWN,screen_collector/screens/browser/DOWN/20260713-221315_002092.png
1783995546.885,DOWN,screen_collector/screens/browser/DOWN/20260713-221315_002093.png
1783995546.956,DOWN,screen_collector/screens/browser/DOWN/20260713-221315_002094.png
1783995547.028,DOWN,screen_collector/screens/browser/DOWN/20260713-221315_002095.png
1783995547.100,DOWN,screen_collector/screens/browser/DOWN/20260713-221315_002096.png
1783995547.171,DOWN,screen_collector/screens/browser/DOWN/20260713-221315_002097.png
1783995547.238,DOWN,screen_collector/screens/browser/DOWN/20260713-221315_002098.png
1783995547.310,DOWN,screen_collector/screens/browser/DOWN/20260713-221315_002099.png
1783995547.382,DOWN,screen_collector/screens/browser/DOWN/20260713-221315_002100.png
1783995547.454,DOWN,screen_collector/screens/browser/DOWN/20260713-221315_002101.png
1783995547.525,DOWN,screen_collector/screens/browser/DOWN/20260713-221315_002102.png
1783995547.597,DOWN,screen_collector/screens/browser/DOWN/20260713-221315_002103.png
1783995547.669,DOWN,screen_collector/screens/browser/DOWN/20260713-221315_002104.png
1783995548.311,DOWN,screen_collector/screens/browser/DOWN/20260713-221315_002105.png
1783995548.380,DOWN,screen_collector/screens/browser/DOWN/20260713-221315_002106.png
1783995548.447,DOWN,screen_collector/screens/browser/DOWN/20260713-221315_002107.png
1783995548.518,DOWN,screen_collector/screens/browser/DOWN/20260713-221315_002108.png
1783995548.589,DOWN,screen_collector/screens/browser/DOWN/20260713-221315_002109.png
1783995548.656,DOWN,screen_collector/screens/browser/DOWN/20260713-221315_002110.png
1783995548.726,DOWN,screen_collector/screens/browser/DOWN/20260713-221315_002111.png
1783995548.797,LEFT,screen_collector/screens/browser/LEFT/20260713-221315_002112.png
1783995548.869,LEFT,screen_collector/screens/browser/LEFT/20260713-221315_002113.png
1783995548.941,LEFT,screen_collector/screens/browser/LEFT/20260713-221315_002114.png
1783995549.013,LEFT,screen_collector/screens/browser/LEFT/20260713-221315_002115.png
1783995549.084,LEFT,screen_collector/screens/browser/LEFT/20260713-221315_002116.png
1783995549.156,LEFT,screen_collector/screens/browser/LEFT/20260713-221315_002117.png
1783995549.228,LEFT,screen_collector/screens/browser/LEFT/20260713-221315_002118.png
1783995549.299,LEFT,screen_collector/screens/browser/LEFT/20260713-221315_002119.png
1783995549.371,LEFT,screen_collector/screens/browser/LEFT/20260713-221315_002120.png
1783995549.442,LEFT,screen_collector/screens/browser/LEFT/20260713-221315_002121.png
1783995549.514,LEFT,screen_collector/screens/browser/LEFT/20260713-221315_002122.png
1783995549.586,LEFT,screen_collector/screens/browser/LEFT/20260713-221315_002123.png
1783995549.657,LEFT,screen_collector/screens/browser/LEFT/20260713-221315_002124.png
1783995549.729,LEFT,screen_collector/screens/browser/LEFT/20260713-221315_002125.png
1783995549.801,LEFT,screen_collector/screens/browser/LEFT/20260713-221315_002126.png
1783995549.873,LEFT,screen_collector/screens/browser/LEFT/20260713-221315_002127.png
1783995549.944,LEFT,screen_collector/screens/browser/LEFT/20260713-221315_002128.png
1783995550.159,RIGHT,screen_collector/screens/browser/RIGHT/20260713-221315_002129.png
1783995550.231,RIGHT,screen_collector/screens/browser/RIGHT/20260713-221315_002130.png
1783995550.303,RIGHT,screen_collector/screens/browser/RIGHT/20260713-221315_002131.png
1783995550.374,RIGHT,screen_collector/screens/browser/RIGHT/20260713-221315_002132.png
1783995550.446,RIGHT,screen_collector/screens/browser/RIGHT/20260713-221315_002133.png
1783995550.517,LEFT,screen_collector/screens/browser/LEFT/20260713-221315_002134.png
1783995550.588,LEFT,screen_collector/screens/browser/LEFT/20260713-221315_002135.png
1783995550.660,LEFT,screen_collector/screens/browser/LEFT/20260713-221315_002136.png
1783995550.731,LEFT,screen_collector/screens/browser/LEFT/20260713-221315_002137.png
1783995550.801,LEFT,screen_collector/screens/browser/LEFT/20260713-221315_002138.png
1783995550.872,LEFT,screen_collector/screens/browser/LEFT/20260713-221315_002139.png
1783995550.944,LEFT,screen_collector/screens/browser/LEFT/20260713-221315_002140.png
1783995551.016,LEFT,screen_collector/screens/browser/LEFT/20260713-221315_002141.png
1783995551.087,LEFT,screen_collector/screens/browser/LEFT/20260713-221315_002142.png
1783995551.302,NONE,screen_collector/screens/browser/NONE/20260713-221315_002143.png
1783995551.802,LEFT,screen_collector/screens/browser/LEFT/20260713-221315_002144.png
1783995551.871,LEFT,screen_collector/screens/browser/LEFT/20260713-221315_002145.png
1783995551.938,LEFT,screen_collector/screens/browser/LEFT/20260713-221315_002146.png
1783995552.006,LEFT,screen_collector/screens/browser/LEFT/20260713-221315_002147.png
1783995552.077,LEFT,screen_collector/screens/browser/LEFT/20260713-221315_002148.png
1783995552.147,LEFT,screen_collector/screens/browser/LEFT/20260713-221315_002149.png
1783995552.216,LEFT,screen_collector/screens/browser/LEFT/20260713-221315_002150.png
1783995552.287,LEFT,screen_collector/screens/browser/LEFT/20260713-221315_002151.png
1783995552.359,LEFT,screen_collector/screens/browser/LEFT/20260713-221315_002152.png
1783995552.502,LEFT,screen_collector/screens/browser/LEFT/20260713-221315_002153.png
1783995552.574,LEFT,screen_collector/screens/browser/LEFT/20260713-221315_002154.png
1783995552.646,LEFT,screen_collector/screens/browser/LEFT/20260713-221315_002155.png
1783995552.713,LEFT,screen_collector/screens/browser/LEFT/20260713-221315_002156.png
1783995552.780,LEFT,screen_collector/screens/browser/LEFT/20260713-221315_002157.png
1783995552.850,LEFT,screen_collector/screens/browser/LEFT/20260713-221315_002158.png
1783995552.922,LEFT,screen_collector/screens/browser/LEFT/20260713-221315_002159.png
1783995552.992,LEFT,screen_collector/screens/browser/LEFT/20260713-221315_002160.png
1783995553.272,RIGHT,screen_collector/screens/browser/RIGHT/20260713-221315_002161.png
1783995553.343,RIGHT,screen_collector/screens/browser/RIGHT/20260713-221315_002162.png
1783995553.415,RIGHT,screen_collector/screens/browser/RIGHT/20260713-221315_002163.png
1783995553.487,RIGHT,screen_collector/screens/browser/RIGHT/20260713-221315_002164.png
1783995553.555,RIGHT,screen_collector/screens/browser/RIGHT/20260713-221315_002165.png
1783995553.625,LEFT,screen_collector/screens/browser/LEFT/20260713-221315_002166.png
1783995553.695,LEFT,screen_collector/screens/browser/LEFT/20260713-221315_002167.png
1783995553.767,LEFT,screen_collector/screens/browser/LEFT/20260713-221315_002168.png
1783995553.839,LEFT,screen_collector/screens/browser/LEFT/20260713-221315_002169.png
1783995553.907,LEFT,screen_collector/screens/browser/LEFT/20260713-221315_002170.png
1783995553.979,LEFT,screen_collector/screens/browser/LEFT/20260713-221315_002171.png
1783995554.051,LEFT,screen_collector/screens/browser/LEFT/20260713-221315_002172.png
1783995554.122,LEFT,screen_collector/screens/browser/LEFT/20260713-221315_002173.png
1783995554.193,NONE,screen_collector/screens/browser/NONE/20260713-221315_002174.png
1783995554.898,RIGHT,screen_collector/screens/browser/RIGHT/20260713-221315_002175.png
1783995554.967,RIGHT,screen_collector/screens/browser/RIGHT/20260713-221315_002176.png
1783995555.038,RIGHT,screen_collector/screens/browser/RIGHT/20260713-221315_002177.png
1783995555.107,RIGHT,screen_collector/screens/browser/RIGHT/20260713-221315_002178.png
1783995555.178,RIGHT,screen_collector/screens/browser/RIGHT/20260713-221315_002179.png
1783995555.249,RIGHT,screen_collector/screens/browser/RIGHT/20260713-221315_002180.png
1783995555.351,RIGHT,screen_collector/screens/browser/RIGHT/20260713-221315_002181.png
1783995555.418,RIGHT,screen_collector/screens/browser/RIGHT/20260713-221315_002182.png
1783995555.488,RIGHT,screen_collector/screens/browser/RIGHT/20260713-221315_002183.png
1783995555.774,UP,screen_collector/screens/browser/UP/20260713-221315_002184.png
1783995555.845,UP,screen_collector/screens/browser/UP/20260713-221315_002185.png
1783995555.917,UP,screen_collector/screens/browser/UP/20260713-221315_002186.png
1783995555.989,UP,screen_collector/screens/browser/UP/20260713-221315_002187.png
1783995556.061,UP,screen_collector/screens/browser/UP/20260713-221315_002188.png
1783995556.129,LEFT,screen_collector/screens/browser/LEFT/20260713-221315_002189.png
1783995556.198,LEFT,screen_collector/screens/browser/LEFT/20260713-221315_002190.png
1783995556.270,LEFT,screen_collector/screens/browser/LEFT/20260713-221315_002191.png
1783995556.340,DOWN,screen_collector/screens/browser/DOWN/20260713-221315_002192.png
1783995556.412,DOWN,screen_collector/screens/browser/DOWN/20260713-221315_002193.png
1783995556.484,DOWN,screen_collector/screens/browser/DOWN/20260713-221315_002194.png
1783995556.555,DOWN,screen_collector/screens/browser/DOWN/20260713-221315_002195.png
1783995556.627,DOWN,screen_collector/screens/browser/DOWN/20260713-221315_002196.png
1783995556.699,DOWN,screen_collector/screens/browser/DOWN/20260713-221315_002197.png
1783995556.770,DOWN,screen_collector/screens/browser/DOWN/20260713-221315_002198.png
1783995556.914,NONE,screen_collector/screens/browser/NONE/20260713-221315_002199.png
1783995556.985,NONE,screen_collector/screens/browser/NONE/20260713-221315_002200.png
1783995557.341,NONE,screen_collector/screens/browser/NONE/20260713-221315_002201.png
1783995557.484,NONE,screen_collector/screens/browser/NONE/20260713-221315_002202.png
1783995557.552,NONE,screen_collector/screens/browser/NONE/20260713-221315_002203.png
1783995558.249,NONE,screen_collector/screens/browser/NONE/20260713-221315_002204.png
1783995558.319,NONE,screen_collector/screens/browser/NONE/20260713-221315_002205.png
1783995558.390,NONE,screen_collector/screens/browser/NONE/20260713-221315_002206.png
1783995558.808,NONE,screen_collector/screens/browser/NONE/20260713-221315_002207.png
1783995559.229,NONE,screen_collector/screens/browser/NONE/20260713-221315_002208.png
1783995559.723,NONE,screen_collector/screens/browser/NONE/20260713-221315_002209.png
1783995559.794,NONE,screen_collector/screens/browser/NONE/20260713-221315_002210.png
1783995559.932,NONE,screen_collector/screens/browser/NONE/20260713-221315_002211.png
1783995560.710,NONE,screen_collector/screens/browser/NONE/20260713-221315_002212.png
1783995561.277,NONE,screen_collector/screens/browser/NONE/20260713-221315_002213.png
1783995561.483,NONE,screen_collector/screens/browser/NONE/20260713-221315_002214.png
1783995561.623,NONE,screen_collector/screens/browser/NONE/20260713-221315_002215.png
1783995561.765,NONE,screen_collector/screens/browser/NONE/20260713-221315_002216.png
1783995562.333,NONE,screen_collector/screens/browser/NONE/20260713-221315_002217.png
1783995563.813,NONE,screen_collector/screens/browser/NONE/20260713-221315_002218.png
1783995564.025,NONE,screen_collector/screens/browser/NONE/20260713-221315_002219.png
1783995564.238,NONE,screen_collector/screens/browser/NONE/20260713-221315_002220.png
1783995564.305,NONE,screen_collector/screens/browser/NONE/20260713-221315_002221.png
1783995564.589,NONE,screen_collector/screens/browser/NONE/20260713-221315_002222.png
1783995566.402,NONE,screen_collector/screens/browser/NONE/20260713-221315_002223.png
1783995568.285,NONE,screen_collector/screens/browser/NONE/20260713-221315_002224.png
1783995568.569,NONE,screen_collector/screens/browser/NONE/20260713-221315_002225.png
1783995568.851,NONE,screen_collector/screens/browser/NONE/20260713-221315_002226.png
1783995569.833,NONE,screen_collector/screens/browser/NONE/20260713-221315_002227.png
1783995569.975,NONE,screen_collector/screens/browser/NONE/20260713-221315_002228.png
1783995570.185,NONE,screen_collector/screens/browser/NONE/20260713-221315_002229.png
1783995570.328,NONE,screen_collector/screens/browser/NONE/20260713-221315_002230.png
1783995570.539,NONE,screen_collector/screens/browser/NONE/20260713-221315_002231.png
1783995571.099,NONE,screen_collector/screens/browser/NONE/20260713-221315_002232.png
1783995571.872,NONE,screen_collector/screens/browser/NONE/20260713-221315_002233.png
1783995572.577,NONE,screen_collector/screens/browser/NONE/20260713-221315_002234.png
1783995573.347,NONE,screen_collector/screens/browser/NONE/20260713-221315_002235.png
1783995573.482,NONE,screen_collector/screens/browser/NONE/20260713-221315_002236.png
1783995573.553,NONE,screen_collector/screens/browser/NONE/20260713-221315_002237.png
1783995574.118,NONE,screen_collector/screens/browser/NONE/20260713-221315_002238.png
1783995575.105,NONE,screen_collector/screens/browser/NONE/20260713-221315_002239.png
1783995575.174,NONE,screen_collector/screens/browser/NONE/20260713-221315_002240.png
1783995576.371,NONE,screen_collector/screens/browser/NONE/20260713-221315_002241.png
1783995576.718,NONE,screen_collector/screens/browser/NONE/20260713-221315_002242.png
1783995576.996,NONE,screen_collector/screens/browser/NONE/20260713-221315_002243.png
1783995577.068,NONE,screen_collector/screens/browser/NONE/20260713-221315_002244.png
1783995577.280,NONE,screen_collector/screens/browser/NONE/20260713-221315_002245.png
1783995578.060,NONE,screen_collector/screens/browser/NONE/20260713-221315_002246.png
1783995578.340,NONE,screen_collector/screens/browser/NONE/20260713-221315_002247.png
1783995578.478,NONE,screen_collector/screens/browser/NONE/20260713-221315_002248.png
1783995579.187,NONE,screen_collector/screens/browser/NONE/20260713-221315_002249.png
1783995579.878,NONE,screen_collector/screens/browser/NONE/20260713-221315_002250.png
1783995580.156,NONE,screen_collector/screens/browser/NONE/20260713-221315_002251.png
1783995580.297,NONE,screen_collector/screens/browser/NONE/20260713-221315_002252.png
1783995580.723,NONE,screen_collector/screens/browser/NONE/20260713-221315_002253.png
1783995581.147,NONE,screen_collector/screens/browser/NONE/20260713-221315_002254.png
1783995581.714,NONE,screen_collector/screens/browser/NONE/20260713-221315_002255.png
1783995581.785,NONE,screen_collector/screens/browser/NONE/20260713-221315_002256.png
1783995582.760,NONE,screen_collector/screens/browser/NONE/20260713-221315_002257.png
1783995583.181,NONE,screen_collector/screens/browser/NONE/20260713-221315_002258.png
1783995583.253,NONE,screen_collector/screens/browser/NONE/20260713-221315_002259.png
1783995583.527,NONE,screen_collector/screens/browser/NONE/20260713-221315_002260.png
1783995583.807,NONE,screen_collector/screens/browser/NONE/20260713-221315_002261.png
1783995584.858,NONE,screen_collector/screens/browser/NONE/20260713-221315_002262.png
1783995585.480,NONE,screen_collector/screens/browser/NONE/20260713-221315_002263.png
1783995585.688,NONE,screen_collector/screens/browser/NONE/20260713-221315_002264.png
1783995586.246,NONE,screen_collector/screens/browser/NONE/20260713-221315_002265.png
1783995586.529,NONE,screen_collector/screens/browser/NONE/20260713-221315_002266.png
1783995587.018,NONE,screen_collector/screens/browser/NONE/20260713-221315_002267.png
1783995587.298,NONE,screen_collector/screens/browser/NONE/20260713-221315_002268.png
1783995587.583,NONE,screen_collector/screens/browser/NONE/20260713-221315_002269.png
1783995588.423,NONE,screen_collector/screens/browser/NONE/20260713-221315_002270.png
1783995588.494,NONE,screen_collector/screens/browser/NONE/20260713-221315_002271.png
1783995588.705,NONE,screen_collector/screens/browser/NONE/20260713-221315_002272.png
1783995588.775,NONE,screen_collector/screens/browser/NONE/20260713-221315_002273.png
1783995589.054,NONE,screen_collector/screens/browser/NONE/20260713-221315_002274.png
1783995589.124,NONE,screen_collector/screens/browser/NONE/20260713-221315_002275.png
1783995589.338,NONE,screen_collector/screens/browser/NONE/20260713-221315_002276.png
1783995589.479,NONE,screen_collector/screens/browser/NONE/20260713-221315_002277.png
1783995589.972,NONE,screen_collector/screens/browser/NONE/20260713-221315_002278.png
1783995590.182,NONE,screen_collector/screens/browser/NONE/20260713-221315_002279.png
1783995590.601,NONE,screen_collector/screens/browser/NONE/20260713-221315_002280.png
1783995590.888,NONE,screen_collector/screens/browser/NONE/20260713-221315_002281.png
1783995591.165,NONE,screen_collector/screens/browser/NONE/20260713-221315_002282.png
1783995591.602,NONE,screen_collector/screens/browser/NONE/20260713-221315_002283.png
1783995593.999,NONE,screen_collector/screens/browser/NONE/20260713-221315_002284.png
1783995594.205,NONE,screen_collector/screens/browser/NONE/20260713-221315_002285.png
1783995594.347,NONE,screen_collector/screens/browser/NONE/20260713-221315_002286.png
1783995595.108,NONE,screen_collector/screens/browser/NONE/20260713-221315_002287.png
1783995595.242,NONE,screen_collector/screens/browser/NONE/20260713-221315_002288.png
1783995595.589,NONE,screen_collector/screens/browser/NONE/20260713-221315_002289.png
1783995595.867,NONE,screen_collector/screens/browser/NONE/20260713-221315_002290.png
1783995595.938,NONE,screen_collector/screens/browser/NONE/20260713-221315_002291.png
1783995596.284,NONE,screen_collector/screens/browser/NONE/20260713-221315_002292.png
1783995596.925,NONE,screen_collector/screens/browser/NONE/20260713-221315_002293.png
1783995597.139,NONE,screen_collector/screens/browser/NONE/20260713-221315_002294.png
1783995597.425,NONE,screen_collector/screens/browser/NONE/20260713-221315_002295.png
1783995599.246,NONE,screen_collector/screens/browser/NONE/20260713-221315_002296.png
1783995599.317,NONE,screen_collector/screens/browser/NONE/20260713-221315_002297.png
1783995599.389,NONE,screen_collector/screens/browser/NONE/20260713-221315_002298.png
1783995600.088,NONE,screen_collector/screens/browser/NONE/20260713-221315_002299.png
1783995600.787,NONE,screen_collector/screens/browser/NONE/20260713-221315_002300.png
1783995601.345,NONE,screen_collector/screens/browser/NONE/20260713-221315_002301.png
1783995601.551,NONE,screen_collector/screens/browser/NONE/20260713-221315_002302.png
1783995601.833,NONE,screen_collector/screens/browser/NONE/20260713-221315_002303.png
1783995602.818,NONE,screen_collector/screens/browser/NONE/20260713-221315_002304.png
1783995603.588,NONE,screen_collector/screens/browser/NONE/20260713-221315_002305.png
1783995603.800,NONE,screen_collector/screens/browser/NONE/20260713-221315_002306.png
1783995604.364,NONE,screen_collector/screens/browser/NONE/20260713-221315_002307.png
1783995604.434,NONE,screen_collector/screens/browser/NONE/20260713-221315_002308.png
1783995604.574,NONE,screen_collector/screens/browser/NONE/20260713-221315_002309.png
1783995605.836,NONE,screen_collector/screens/browser/NONE/20260713-221315_002310.png
1783995606.187,NONE,screen_collector/screens/browser/NONE/20260713-221315_002311.png
1783995606.821,NONE,screen_collector/screens/browser/NONE/20260713-221315_002312.png
1783995607.310,NONE,screen_collector/screens/browser/NONE/20260713-221315_002313.png
1783995607.659,NONE,screen_collector/screens/browser/NONE/20260713-221315_002314.png
1783995607.933,NONE,screen_collector/screens/browser/NONE/20260713-221315_002315.png
1783995608.213,NONE,screen_collector/screens/browser/NONE/20260713-221315_002316.png
1783995608.634,NONE,screen_collector/screens/browser/NONE/20260713-221315_002317.png
1783995609.130,NONE,screen_collector/screens/browser/NONE/20260713-221315_002318.png
1783995609.272,NONE,screen_collector/screens/browser/NONE/20260713-221315_002319.png
1783995609.761,NONE,screen_collector/screens/browser/NONE/20260713-221315_002320.png
1783995610.668,NONE,screen_collector/screens/browser/NONE/20260713-221315_002321.png
1783995610.879,NONE,screen_collector/screens/browser/NONE/20260713-221315_002322.png
1783995610.951,NONE,screen_collector/screens/browser/NONE/20260713-221315_002323.png
1783995611.092,NONE,screen_collector/screens/browser/NONE/20260713-221315_002324.png
1783995611.303,NONE,screen_collector/screens/browser/NONE/20260713-221315_002325.png
1783995611.375,NONE,screen_collector/screens/browser/NONE/20260713-221315_002326.png
1783995611.727,NONE,screen_collector/screens/browser/NONE/20260713-221315_002327.png
1783995611.870,NONE,screen_collector/screens/browser/NONE/20260713-221315_002328.png
1783995612.150,NONE,screen_collector/screens/browser/NONE/20260713-221315_002329.png
1783995612.363,NONE,screen_collector/screens/browser/NONE/20260713-221315_002330.png
1783995612.641,NONE,screen_collector/screens/browser/NONE/20260713-221315_002331.png
1783995613.759,NONE,screen_collector/screens/browser/NONE/20260713-221315_002332.png
1783995614.259,NONE,screen_collector/screens/browser/NONE/20260713-221315_002333.png
1783995614.328,NONE,screen_collector/screens/browser/NONE/20260713-221315_002334.png
1783995615.095,NONE,screen_collector/screens/browser/NONE/20260713-221315_002335.png
1783995615.298,NONE,screen_collector/screens/browser/NONE/20260713-221315_002336.png
1783995615.794,NONE,screen_collector/screens/browser/NONE/20260713-221315_002337.png
1783995615.866,NONE,screen_collector/screens/browser/NONE/20260713-221315_002338.png
1783995615.937,NONE,screen_collector/screens/browser/NONE/20260713-221315_002339.png
1783995616.780,NONE,screen_collector/screens/browser/NONE/20260713-221315_002340.png
1783995616.988,NONE,screen_collector/screens/browser/NONE/20260713-221315_002341.png
1783995617.057,NONE,screen_collector/screens/browser/NONE/20260713-221315_002342.png
1783995617.196,NONE,screen_collector/screens/browser/NONE/20260713-221315_002343.png
1783995617.619,NONE,screen_collector/screens/browser/NONE/20260713-221315_002344.png
1783995618.182,NONE,screen_collector/screens/browser/NONE/20260713-221315_002345.png
1783995618.673,NONE,screen_collector/screens/browser/NONE/20260713-221315_002346.png
1783995618.881,NONE,screen_collector/screens/browser/NONE/20260713-221315_002347.png
1783995619.302,NONE,screen_collector/screens/browser/NONE/20260713-221315_002348.png
1783995619.872,NONE,screen_collector/screens/browser/NONE/20260713-221315_002349.png
1783995620.366,NONE,screen_collector/screens/browser/NONE/20260713-221315_002350.png
1783995622.482,NONE,screen_collector/screens/browser/NONE/20260713-221315_002351.png
1783995622.970,NONE,screen_collector/screens/browser/NONE/20260713-221315_002352.png
1783995623.595,NONE,screen_collector/screens/browser/NONE/20260713-221315_002353.png
1783995624.224,NONE,screen_collector/screens/browser/NONE/20260713-221315_002354.png
1783995624.578,NONE,screen_collector/screens/browser/NONE/20260713-221315_002355.png
1783995624.718,NONE,screen_collector/screens/browser/NONE/20260713-221315_002356.png
1783995624.794,NONE,screen_collector/screens/browser/NONE/20260713-221315_002357.png
1783995624.938,NONE,screen_collector/screens/browser/NONE/20260713-221315_002358.png
1783995625.786,NONE,screen_collector/screens/browser/NONE/20260713-221315_002359.png
1783995626.071,NONE,screen_collector/screens/browser/NONE/20260713-221315_002360.png
1783995626.208,NONE,screen_collector/screens/browser/NONE/20260713-221315_002361.png
1783995626.279,NONE,screen_collector/screens/browser/NONE/20260713-221315_002362.png
1783995626.559,NONE,screen_collector/screens/browser/NONE/20260713-221315_002363.png
1783995626.977,NONE,screen_collector/screens/browser/NONE/20260713-221315_002364.png
1783995627.116,NONE,screen_collector/screens/browser/NONE/20260713-221315_002365.png
1783995627.601,NONE,screen_collector/screens/browser/NONE/20260713-221315_002366.png
1783995628.024,NONE,screen_collector/screens/browser/NONE/20260713-221315_002367.png
1783995629.367,NONE,screen_collector/screens/browser/NONE/20260713-221315_002368.png
1783995630.003,NONE,screen_collector/screens/browser/NONE/20260713-221315_002369.png
1783995630.075,NONE,screen_collector/screens/browser/NONE/20260713-221315_002370.png
1783995630.704,NONE,screen_collector/screens/browser/NONE/20260713-221315_002371.png
1783995631.618,NONE,screen_collector/screens/browser/NONE/20260713-221315_002372.png
1783995631.900,NONE,screen_collector/screens/browser/NONE/20260713-221315_002373.png
1783995632.592,NONE,screen_collector/screens/browser/NONE/20260713-221315_002374.png
1783995633.009,NONE,screen_collector/screens/browser/NONE/20260713-221315_002375.png
1783995633.498,NONE,screen_collector/screens/browser/NONE/20260713-221315_002376.png
1783995633.851,NONE,screen_collector/screens/browser/NONE/20260713-221315_002377.png
1783995634.060,NONE,screen_collector/screens/browser/NONE/20260713-221315_002378.png
1783995634.622,NONE,screen_collector/screens/browser/NONE/20260713-221315_002379.png
1783995635.959,NONE,screen_collector/screens/browser/NONE/20260713-221315_002380.png
1783995636.999,NONE,screen_collector/screens/browser/NONE/20260713-221315_002381.png
1783995637.138,NONE,screen_collector/screens/browser/NONE/20260713-221315_002382.png
1783995637.276,NONE,screen_collector/screens/browser/NONE/20260713-221315_002383.png
1783995637.412,NONE,screen_collector/screens/browser/NONE/20260713-221315_002384.png
1783995637.484,NONE,screen_collector/screens/browser/NONE/20260713-221315_002385.png
1783995637.624,NONE,screen_collector/screens/browser/NONE/20260713-221315_002386.png
1783995637.692,NONE,screen_collector/screens/browser/NONE/20260713-221315_002387.png
1783995637.763,NONE,screen_collector/screens/browser/NONE/20260713-221315_002388.png
1783995637.832,NONE,screen_collector/screens/browser/NONE/20260713-221315_002389.png
1783995638.189,NONE,screen_collector/screens/browser/NONE/20260713-221315_002390.png
1783995638.541,NONE,screen_collector/screens/browser/NONE/20260713-221315_002391.png
1783995640.300,DOWN,screen_collector/screens/browser/DOWN/20260713-221315_002392.png
1783995640.372,DOWN,screen_collector/screens/browser/DOWN/20260713-221315_002393.png
1783995640.439,DOWN,screen_collector/screens/browser/DOWN/20260713-221315_002394.png
1783995640.510,DOWN,screen_collector/screens/browser/DOWN/20260713-221315_002395.png
1783995640.578,DOWN,screen_collector/screens/browser/DOWN/20260713-221315_002396.png
1783995640.648,DOWN,screen_collector/screens/browser/DOWN/20260713-221315_002397.png
1783995640.718,DOWN,screen_collector/screens/browser/DOWN/20260713-221315_002398.png
1783995640.790,DOWN,screen_collector/screens/browser/DOWN/20260713-221315_002399.png
1783995640.861,DOWN,screen_collector/screens/browser/DOWN/20260713-221315_002400.png
1783995640.933,NONE,screen_collector/screens/browser/NONE/20260713-221315_002401.png
1783995641.288,NONE,screen_collector/screens/browser/NONE/20260713-221315_002402.png
1783995641.848,NONE,screen_collector/screens/browser/NONE/20260713-221315_002403.png
1783995643.324,NONE,screen_collector/screens/browser/NONE/20260713-221315_002404.png
1783995643.678,NONE,screen_collector/screens/browser/NONE/20260713-221315_002405.png
1783995643.816,NONE,screen_collector/screens/browser/NONE/20260713-221315_002406.png
1783995643.887,NONE,screen_collector/screens/browser/NONE/20260713-221315_002407.png
1783995644.168,NONE,screen_collector/screens/browser/NONE/20260713-221315_002408.png
1783995644.235,NONE,screen_collector/screens/browser/NONE/20260713-221315_002409.png
1783995644.448,NONE,screen_collector/screens/browser/NONE/20260713-221315_002410.png
1783995644.661,NONE,screen_collector/screens/browser/NONE/20260713-221315_002411.png
1783995644.804,NONE,screen_collector/screens/browser/NONE/20260713-221315_002412.png
1783995645.291,NONE,screen_collector/screens/browser/NONE/20260713-221315_002413.png
1783995645.429,NONE,screen_collector/screens/browser/NONE/20260713-221315_002414.png
1783995645.777,NONE,screen_collector/screens/browser/NONE/20260713-221315_002415.png
1783995646.130,NONE,screen_collector/screens/browser/NONE/20260713-221315_002416.png
1783995646.898,NONE,screen_collector/screens/browser/NONE/20260713-221315_002417.png
1783995647.244,NONE,screen_collector/screens/browser/NONE/20260713-221315_002418.png
1783995648.156,NONE,screen_collector/screens/browser/NONE/20260713-221315_002419.png
1783995648.646,NONE,screen_collector/screens/browser/NONE/20260713-221315_002420.png
1783995649.556,NONE,screen_collector/screens/browser/NONE/20260713-221315_002421.png
1783995650.183,NONE,screen_collector/screens/browser/NONE/20260713-221315_002422.png
1783995650.677,NONE,screen_collector/screens/browser/NONE/20260713-221315_002423.png
1783995651.593,NONE,screen_collector/screens/browser/NONE/20260713-221315_002424.png
1783995652.577,NONE,screen_collector/screens/browser/NONE/20260713-221315_002425.png
1783995652.721,NONE,screen_collector/screens/browser/NONE/20260713-221315_002426.png
1783995652.862,NONE,screen_collector/screens/browser/NONE/20260713-221315_002427.png
1783995653.171,NONE,screen_collector/screens/browser/NONE/20260713-221315_002428.png
1783995654.083,NONE,screen_collector/screens/browser/NONE/20260713-221315_002429.png
1783995654.223,NONE,screen_collector/screens/browser/NONE/20260713-221315_002430.png
1783995654.364,NONE,screen_collector/screens/browser/NONE/20260713-221315_002431.png
1783995654.787,NONE,screen_collector/screens/browser/NONE/20260713-221315_002432.png
1783995654.859,NONE,screen_collector/screens/browser/NONE/20260713-221315_002433.png
1783995655.136,NONE,screen_collector/screens/browser/NONE/20260713-221315_002434.png
1783995655.701,NONE,screen_collector/screens/browser/NONE/20260713-221315_002435.png
1783995655.771,NONE,screen_collector/screens/browser/NONE/20260713-221315_002436.png
1783995655.911,NONE,screen_collector/screens/browser/NONE/20260713-221315_002437.png
1783995658.188,NONE,screen_collector/screens/browser/NONE/20260713-221315_002438.png
1783995658.397,NONE,screen_collector/screens/browser/NONE/20260713-221315_002439.png
1783995658.608,NONE,screen_collector/screens/browser/NONE/20260713-221315_002440.png
1783995658.679,NONE,screen_collector/screens/browser/NONE/20260713-221315_002441.png
1783995658.751,NONE,screen_collector/screens/browser/NONE/20260713-221315_002442.png
1783995659.605,NONE,screen_collector/screens/browser/NONE/20260713-221315_002443.png
1783995659.890,NONE,screen_collector/screens/browser/NONE/20260713-221315_002444.png
1783995659.959,NONE,screen_collector/screens/browser/NONE/20260713-221315_002445.png
1783995660.027,NONE,screen_collector/screens/browser/NONE/20260713-221315_002446.png
1783995661.711,NONE,screen_collector/screens/browser/NONE/20260713-221315_002447.png
1783995661.848,NONE,screen_collector/screens/browser/NONE/20260713-221315_002448.png
1783995661.988,NONE,screen_collector/screens/browser/NONE/20260713-221315_002449.png
1783995662.057,NONE,screen_collector/screens/browser/NONE/20260713-221315_002450.png
1783995662.405,NONE,screen_collector/screens/browser/NONE/20260713-221315_002451.png
1783995662.477,NONE,screen_collector/screens/browser/NONE/20260713-221315_002452.png
1783995663.039,NONE,screen_collector/screens/browser/NONE/20260713-221315_002453.png
1783995663.533,NONE,screen_collector/screens/browser/NONE/20260713-221315_002454.png
1783995663.747,NONE,screen_collector/screens/browser/NONE/20260713-221315_002455.png
1783995664.030,NONE,screen_collector/screens/browser/NONE/20260713-221315_002456.png
1783995664.237,NONE,screen_collector/screens/browser/NONE/20260713-221315_002457.png
1783995664.305,NONE,screen_collector/screens/browser/NONE/20260713-221315_002458.png
1783995664.445,NONE,screen_collector/screens/browser/NONE/20260713-221315_002459.png
1783995664.588,NONE,screen_collector/screens/browser/NONE/20260713-221315_002460.png
1783995664.944,NONE,screen_collector/screens/browser/NONE/20260713-221315_002461.png
1783995665.012,NONE,screen_collector/screens/browser/NONE/20260713-221315_002462.png
1783995665.647,NONE,screen_collector/screens/browser/NONE/20260713-221315_002463.png
1783995666.568,NONE,screen_collector/screens/browser/NONE/20260713-221315_002464.png
1783995666.846,NONE,screen_collector/screens/browser/NONE/20260713-221315_002465.png
1783995667.541,NONE,screen_collector/screens/browser/NONE/20260713-221315_002466.png
1783995668.033,NONE,screen_collector/screens/browser/NONE/20260713-221315_002467.png
1783995668.940,NONE,screen_collector/screens/browser/NONE/20260713-221315_002468.png
1783995670.825,NONE,screen_collector/screens/browser/NONE/20260713-221315_002469.png
1783995671.109,NONE,screen_collector/screens/browser/NONE/20260713-221315_002470.png
1783995671.457,NONE,screen_collector/screens/browser/NONE/20260713-221315_002471.png
1783995671.668,NONE,screen_collector/screens/browser/NONE/20260713-221315_002472.png
1783995672.506,NONE,screen_collector/screens/browser/NONE/20260713-221315_002473.png
1783995672.641,NONE,screen_collector/screens/browser/NONE/20260713-221315_002474.png
1783995672.710,NONE,screen_collector/screens/browser/NONE/20260713-221315_002475.png
1783995673.688,NONE,screen_collector/screens/browser/NONE/20260713-221315_002476.png
1783995674.038,NONE,screen_collector/screens/browser/NONE/20260713-221315_002477.png
1783995674.461,NONE,screen_collector/screens/browser/NONE/20260713-221315_002478.png
1783995675.800,NONE,screen_collector/screens/browser/NONE/20260713-221315_002479.png
1783995676.358,NONE,screen_collector/screens/browser/NONE/20260713-221315_002480.png
1783995676.496,NONE,screen_collector/screens/browser/NONE/20260713-221315_002481.png
1783995676.563,NONE,screen_collector/screens/browser/NONE/20260713-221315_002482.png
1783995676.706,NONE,screen_collector/screens/browser/NONE/20260713-221315_002483.png
1783995677.759,NONE,screen_collector/screens/browser/NONE/20260713-221315_002484.png
1783995678.040,NONE,screen_collector/screens/browser/NONE/20260713-221315_002485.png
1783995678.109,NONE,screen_collector/screens/browser/NONE/20260713-221315_002486.png
1783995678.605,NONE,screen_collector/screens/browser/NONE/20260713-221315_002487.png
